GUBUN,YYYYMM,BIZ_CD,BIZ_NM,NEW_ADDR,NEW_ADDR1,NEW_ADDR2
추가,202003,EZ4239,메디스퀘어,"서울특별시 강남구 선릉로 704, 12층",서울특별시 강남구,"선릉로 704, 12층"
추가,202003,FA1824,대경빌딩,"서울특별시 강남구 도곡로 123,",서울특별시 강남구,"도곡로 123,"
추가,202003,JJ1036,(주)유핀테크허브,"서울특별시 강남구 테헤란로 207, 14층",서울특별시 강남구,"테헤란로 207, 14층"
추가,202003,JQ1422,(주)엔엑스홀딩스,"서울특별시 강남구 테헤란로 508, A동 16층  05호",서울특별시 강남구,"테헤란로 508, A동 16층  05호"
추가,202003,LA5828,그레이존,"서울특별시 강남구 논현로157길 19, B1호",서울특별시 강남구,"논현로157길 19, B1호"
추가,202003,LA8272,이굳미디어,"서울특별시 강남구 강남대로 320, 11층  1108호",서울특별시 강남구,"강남대로 320, 11층  1108호"
추가,202003,LB0467,BK성형외과의원,"서울특별시 강남구 도산대로 106,",서울특별시 강남구,"도산대로 106,"
추가,202003,LB3221,티제이인스티튜트,"서울특별시 강남구 논현로168길 36, 2층  206호",서울특별시 강남구,"논현로168길 36, 2층  206호"
추가,202003,LB5838,솔라사인,"서울특별시 강남구 역삼로 169,",서울특별시 강남구,"역삼로 169,"
추가,202003,LB6630,벨라디아 by DY,"서울특별시 강남구 학동로20길 49,",서울특별시 강남구,"학동로20길 49,"
추가,202003,Q56026,피닉스리더스,"서울특별시 강남구 테헤란로69길 5, 9층",서울특별시 강남구,"테헤란로69길 5, 9층"
추가,202003,S77916,백조세탁소,"서울특별시 강남구 삼성로 417, 포스코더샵  2층  205호",서울특별시 강남구,"삼성로 417, 포스코더샵  2층  205호"
추가,202003,V93601,주종탁세무회계사무소,"서울특별시 강남구 언주로30길 10, 716호",서울특별시 강남구,"언주로30길 10, 716호"
추가,202003,AK5220,앵글치과의원,"서울특별시 강남구 언주로171길 18,",서울특별시 강남구,"언주로171길 18,"
추가,202003,IX8842,파란행복(주),"서울특별시 강남구 논현로85길 28, 1층",서울특별시 강남구,"논현로85길 28, 1층"
추가,202003,JL9030,(주)트이다,"서울특별시 강남구 선릉로 551, 2층",서울특별시 강남구,"선릉로 551, 2층"
추가,202003,LA9372,메죵슈슈,"서울특별시 강남구 봉은사로29길 32,",서울특별시 강남구,"봉은사로29길 32,"
추가,202003,LB2277,전체이용가스튜디오,"서울특별시 강남구 학동로56길 33, 지하1층",서울특별시 강남구,"학동로56길 33, 지하1층"
추가,202003,LB2432,메디칼바른,"서울특별시 강남구 선릉로87길 12, 9층  933호",서울특별시 강남구,"선릉로87길 12, 9층  933호"
추가,202003,LB3759,강남합기도,"서울특별시 강남구 역삼로 310, 2층  28호",서울특별시 강남구,"역삼로 310, 2층  28호"
추가,202003,LB7489,스틸엔스톤,"서울특별시 강남구 선릉로152길 32, 5층",서울특별시 강남구,"선릉로152길 32, 5층"
추가,202003,Y15080,케이엘,"서울특별시 강남구 도산대로81길 48-8,",서울특별시 강남구,"도산대로81길 48-8,"
추가,202003,Z94853,주성주유소,"서울특별시 강남구 영동대로 716,",서울특별시 강남구,"영동대로 716,"
추가,202003,H86303,동우,"서울특별시 강남구 도곡로37길 16,",서울특별시 강남구,"도곡로37길 16,"
추가,202003,H86524,김부근(임대),"서울특별시 강남구 역삼로14길 11,",서울특별시 강남구,"역삼로14길 11,"
추가,202003,HG9036,민트세이지(주),"서울특별시 강남구 언주로 118, 1217호",서울특별시 강남구,"언주로 118, 1217호"
추가,202003,HW8510,라미엘(Lamiel),"서울특별시 강남구 언주로30길 21, 2802호",서울특별시 강남구,"언주로30길 21, 2802호"
추가,202003,HZ9057,벤엔데릭,"서울특별시 강남구 압구정로4길 13-7, 201호",서울특별시 강남구,"압구정로4길 13-7, 201호"
추가,202003,JG8688,디비프라이빗에쿼티(주),"서울특별시 강남구 영동대로 511, 2405호",서울특별시 강남구,"영동대로 511, 2405호"
추가,202003,JU9274,(주)베클랑코리아,"서울특별시 강남구 강남대로94길 67, 502호",서울특별시 강남구,"강남대로94길 67, 502호"
추가,202003,JZ9664,진우,"서울특별시 강남구 테헤란로52길 21, 4층",서울특별시 강남구,"테헤란로52길 21, 4층"
추가,202003,LA2786,(주)한국오티씨,"서울특별시 강남구 도산대로 158, 1401호",서울특별시 강남구,"도산대로 158, 1401호"
추가,202003,LB0535,최화희(사이룩스),"서울특별시 강남구 광평로 295, 905호",서울특별시 강남구,"광평로 295, 905호"
추가,202003,LB5645,보템,"서울특별시 강남구 봉은사로 211, 3층",서울특별시 강남구,"봉은사로 211, 3층"
추가,202003,IY2424,(주)원더세븐글로벌,"서울특별시 강남구 언주로 709, 10층",서울특별시 강남구,"언주로 709, 10층"
추가,202003,JC8585,디핀더(주),"서울특별시 강남구 강남대로154길 21, 3층",서울특별시 강남구,"강남대로154길 21, 3층"
추가,202003,JV3730,법무법인피터앤김,"서울특별시 강남구 영동대로 511, 1704호",서울특별시 강남구,"영동대로 511, 1704호"
추가,202003,LA2193,디오브제,"서울특별시 강남구 압구정로79길 18, 3층",서울특별시 강남구,"압구정로79길 18, 3층"
추가,202003,LA8380,웰네트워크,"서울특별시 강남구 선릉로 428, 16층  35호",서울특별시 강남구,"선릉로 428, 16층  35호"
추가,202003,LB7623,파리바게뜨삼성역점,"서울특별시 강남구 영동대로 424, 1층",서울특별시 강남구,"영동대로 424, 1층"
추가,202003,BP0994,와이케이(YK)주차장,"서울특별시 강남구 봉은사로82길 21,",서울특별시 강남구,"봉은사로82길 21,"
추가,202003,BV1676,저스트헤어앤커피,"서울특별시 강남구 논현로26길 46, 1층  2호",서울특별시 강남구,"논현로26길 46, 1층  2호"
추가,202003,JD8999,(주)퍼스텝컴퍼니,"서울특별시 강남구 테헤란로82길 15, 1935호",서울특별시 강남구,"테헤란로82길 15, 1935호"
추가,202003,JF7752,(주)베스텔라랩,"서울특별시 강남구 테헤란로22길 14, 5층",서울특별시 강남구,"테헤란로22길 14, 5층"
추가,202003,JJ6595,(주)건화인터내셔널,"서울특별시 강남구 테헤란로 311, 1903호",서울특별시 강남구,"테헤란로 311, 1903호"
추가,202003,JL6335,(주)제이제이교육,"서울특별시 강남구 광평로56길 8-13, 수서타워  1610호",서울특별시 강남구,"광평로56길 8-13, 수서타워  1610호"
추가,202003,JW4258,(주)안단테나인,"서울특별시 강남구 강남대로116길 33, 101호",서울특별시 강남구,"강남대로116길 33, 101호"
추가,202003,JY5742,하모니아1호(유),"서울특별시 강남구 테헤란로 152, 12층  강남파이낸스센터",서울특별시 강남구,"테헤란로 152, 12층  강남파이낸스센터"
추가,202003,LA6710,한국인재개발아카데미,"서울특별시 강남구 봉은사로 317, 2층  2073호",서울특별시 강남구,"봉은사로 317, 2층  2073호"
추가,202003,LA7452,렉슬디자인,"서울특별시 강남구 선릉로 224, 1층  107호",서울특별시 강남구,"선릉로 224, 1층  107호"
추가,202003,LA8573,새온소프트,"서울특별시 강남구 영동대로 602, 6층  C273호",서울특별시 강남구,"영동대로 602, 6층  C273호"
추가,202003,FA1232,이손치과의원,"서울특별시 강남구 논현로93길 6, 3층",서울특별시 강남구,"논현로93길 6, 3층"
추가,202003,HM0634,(주)맘편한심리상담센터,"서울특별시 강남구 강남대로84길 23, 1013호",서울특별시 강남구,"강남대로84길 23, 1013호"
추가,202003,IH4153,유미코리아(YOU美KOREA),"서울특별시 강남구 봉은사로 211, 6층",서울특별시 강남구,"봉은사로 211, 6층"
추가,202003,IZ1395,(주)우리동네오케이부동산중개법인,"서울특별시 강남구 남부순환로 2921, 173호",서울특별시 강남구,"남부순환로 2921, 173호"
추가,202003,JB6880,액티스코리아(유),"서울특별시 강남구 테헤란로 152, 26층",서울특별시 강남구,"테헤란로 152, 26층"
추가,202003,LA0462,다소니플랜,"서울특별시 강남구 광평로56길 8-13, 1006호",서울특별시 강남구,"광평로56길 8-13, 1006호"
추가,202003,LB4523,막걸리는살아있다,"서울특별시 강남구 도산대로51길 39, 지하1층",서울특별시 강남구,"도산대로51길 39, 지하1층"
추가,202003,LB4709,제이더블유빌딩,"서울특별시 강남구 선릉로127길 6,",서울특별시 강남구,"선릉로127길 6,"
추가,202003,Z43648,동주빌딩,"서울특별시 강남구 삼성로135길 41,",서울특별시 강남구,"삼성로135길 41,"
추가,202003,HM5073,(주)인디자인월드와이드,"서울특별시 강남구 삼성로 508, 511호",서울특별시 강남구,"삼성로 508, 511호"
추가,202003,HN2782,(주)유나패브릭,"서울특별시 강남구 논현로12길 17, 301호",서울특별시 강남구,"논현로12길 17, 301호"
추가,202003,HP3781,(주)제이지아이,"서울특별시 강남구 테헤란로 311, 12층  1203호",서울특별시 강남구,"테헤란로 311, 12층  1203호"
추가,202003,JF6159,메디아인엔씨(주),"서울특별시 강남구 밤고개로1길 10, 1225호",서울특별시 강남구,"밤고개로1길 10, 1225호"
추가,202003,JH5533,씨앤아이통신(주),"서울특별시 강남구 삼성로96길 6, 9층  906호",서울특별시 강남구,"삼성로96길 6, 9층  906호"
추가,202003,JZ9615,라우빌딩,"서울특별시 강남구 언주로104길 12,",서울특별시 강남구,"언주로104길 12,"
추가,202003,LA6607,김봉수_안명애부동산(319-320호)/종합,"서울특별시 강남구 삼성로 155, 3층  319 320호",서울특별시 강남구,"삼성로 155, 3층  319 320호"
추가,202003,LB7475,닭치고디집고,"서울특별시 강남구 강남대로122길 15, 2층  201호",서울특별시 강남구,"강남대로122길 15, 2층  201호"
추가,202003,V84133,권향옥(논현동),"서울특별시 강남구 강남대로124길 5,",서울특별시 강남구,"강남대로124길 5,"
추가,202003,HM3804,(주)미로석건,"서울특별시 강남구 봉은사로 129, 1121호",서울특별시 강남구,"봉은사로 129, 1121호"
추가,202003,JB5415,(주)아이엠에스알,"서울특별시 강남구 도산대로 128, 3층",서울특별시 강남구,"도산대로 128, 3층"
추가,202003,LA2922,금당디자인,"서울특별시 강남구 자곡로 174-10, 413호",서울특별시 강남구,"자곡로 174-10, 413호"
추가,202003,LA6612,에비뉴75,"서울특별시 강남구 논현로75길 6,",서울특별시 강남구,"논현로75길 6,"
추가,202003,LB0519,강남권산부인과의원,"서울특별시 강남구 강남대로 390, 3층",서울특별시 강남구,"강남대로 390, 3층"
추가,202003,LB3619,메타스콜레학원,"서울특별시 강남구 역삼로 423, 7층",서울특별시 강남구,"역삼로 423, 7층"
추가,202003,Q19538,한혜승(압구정),"서울특별시 강남구 압구정로29길 69, 10호 차상가 1동 지하층",서울특별시 강남구,"압구정로29길 69, 10호 차상가 1동 지하층"
추가,202003,GS9020,파크힐다세대주택,"서울특별시 강남구 역삼로25길 36,",서울특별시 강남구,"역삼로25길 36,"
추가,202003,J24386,우진세상의원,"서울특별시 강남구 압구정로28길 21, 2층",서울특별시 강남구,"압구정로28길 21, 2층"
추가,202003,JG7265,(주)가배도,"서울특별시 강남구 강남대로110길 13, 2층 3층",서울특별시 강남구,"강남대로110길 13, 2층 3층"
추가,202003,JN3357,(주)한국미용전문그룹유미코리아,"서울특별시 강남구 봉은사로 211, 6층",서울특별시 강남구,"봉은사로 211, 6층"
추가,202003,JR5404,(주)아로아소프트,"서울특별시 강남구 테헤란로29길 10, 3층",서울특별시 강남구,"테헤란로29길 10, 3층"
추가,202003,LA0327,공간,"서울특별시 강남구 논현로175길 101-4,",서울특별시 강남구,"논현로175길 101-4,"
추가,202003,LA4004,이케어요양보호사교육원,"서울특별시 강남구 도산대로1길 36, 302층",서울특별시 강남구,"도산대로1길 36, 302층"
추가,202003,LA8349,연세베러의원,"서울특별시 강남구 테헤란로26길 10, 6층",서울특별시 강남구,"테헤란로26길 10, 6층"
추가,202003,LA9667,밀리언영,"서울특별시 강남구 역삼로18길 14, 201호",서울특별시 강남구,"역삼로18길 14, 201호"
추가,202003,LB1600,넥스트앤파트너즈,"서울특별시 강남구 테헤란로 322, 한신인터밸리24빌딩 24제13층  동관 1417호",서울특별시 강남구,"테헤란로 322, 한신인터밸리24빌딩 24제13층  동관 1417호"
추가,202003,LB7408,논현유성당빌딩,"서울특별시 강남구 강남대로112길 17,",서울특별시 강남구,"강남대로112길 17,"
추가,202003,JG9545,(주)벨에포크자산운용,"서울특별시 강남구 도산대로 317, 4층",서울특별시 강남구,"도산대로 317, 4층"
추가,202003,JJ5756,아이앤씨씨(주),"서울특별시 강남구 테헤란로86길 12, 10층  티케이오케이빌딩",서울특별시 강남구,"테헤란로86길 12, 10층  티케이오케이빌딩"
추가,202003,JP0001,(주)에스앤앤유,"서울특별시 강남구 선릉로93길 31, 509호",서울특별시 강남구,"선릉로93길 31, 509호"
추가,202003,JZ2880,(주)1리터,"서울특별시 강남구 언주로79길 12, 4층",서울특별시 강남구,"언주로79길 12, 4층"
추가,202003,LA2945,와니코스,"서울특별시 강남구 봉은사로 506, 205호",서울특별시 강남구,"봉은사로 506, 205호"
추가,202003,LA3862,삼성바른치과의원,"서울특별시 강남구 테헤란로81길 26, 3층",서울특별시 강남구,"테헤란로81길 26, 3층"
추가,202003,LB8678,압구정살사댄스연습실,"서울특별시 강남구 압구정로 224,",서울특별시 강남구,"압구정로 224,"
추가,202003,Q12035,이윤재2,"서울특별시 강남구 테헤란로 329, 삼흥빌딩  1201호",서울특별시 강남구,"테헤란로 329, 삼흥빌딩  1201호"
추가,202003,JF6996,(주)기븐,"서울특별시 강남구 선릉로152길 34, 지하1층",서울특별시 강남구,"선릉로152길 34, 지하1층"
추가,202003,JO8533,(주)에스티에이디자인,"서울특별시 강남구 논현로72길 16, 4층  4707호",서울특별시 강남구,"논현로72길 16, 4층  4707호"
추가,202003,JP7421,(주)바슈헬스코리아,"서울특별시 강남구 테헤란로98길 8, 13층  케이티앤지코스모대치타워",서울특별시 강남구,"테헤란로98길 8, 13층  케이티앤지코스모대치타워"
추가,202003,JR1338,(주)서울전시,"서울특별시 강남구 테헤란로37길 27, 4층  401호",서울특별시 강남구,"테헤란로37길 27, 4층  401호"
추가,202003,LA9705,캣츠모리,"서울특별시 강남구 강남대로84길 23, 1114호",서울특별시 강남구,"강남대로84길 23, 1114호"
추가,202003,R24037,역삼주택,"서울특별시 강남구 테헤란로22길 66,",서울특별시 강남구,"테헤란로22길 66,"
추가,202003,E28714,이현덕세무회계사무소,"서울특별시 강남구 논현로 405,",서울특별시 강남구,"논현로 405,"
추가,202003,G39861,금천빌딩,"서울특별시 강남구 역삼로20길 9,",서울특별시 강남구,"역삼로20길 9,"
추가,202003,GU5086,일프로아카데미,"서울특별시 강남구 선릉로72길 10-12, 1층",서울특별시 강남구,"선릉로72길 10-12, 1층"
추가,202003,IV7542,(주)하이푸드강남,"서울특별시 강남구 강남대로 432, 5층  현황 4호 층일부사용",서울특별시 강남구,"강남대로 432, 5층  현황 4호 층일부사용"
추가,202003,JF0437,(주)지성네트워크,"서울특별시 강남구 테헤란로 146, 1240호  현익빌딩",서울특별시 강남구,"테헤란로 146, 1240호  현익빌딩"
추가,202003,JM3992,(주)미스터바우어,"서울특별시 강남구 압구정로4길 13-7, 2층  201호",서울특별시 강남구,"압구정로4길 13-7, 2층  201호"
추가,202003,LB2552,브레멘크리에이티브,"서울특별시 강남구 강남대로156길 22, 201호",서울특별시 강남구,"강남대로156길 22, 201호"
추가,202003,AB2285,김영만,"서울특별시 강남구 도산대로75길 23,",서울특별시 강남구,"도산대로75길 23,"
추가,202003,EZ4218,라메스피부과의원,"서울특별시 강남구 강남대로 492, 7층",서울특별시 강남구,"강남대로 492, 7층"
추가,202003,HS7882,(주)힐스테이트봉담대한제6호뉴스테이위탁관리부동산,"서울특별시 강남구 영동대로 517, 26층  무역센터아셈타워",서울특별시 강남구,"영동대로 517, 26층  무역센터아셈타워"
추가,202003,IM7337,(주)티스파네트웍스,"서울특별시 강남구 봉은사로51길 20,",서울특별시 강남구,"봉은사로51길 20,"
추가,202003,IX0093,(주)아보메드,"서울특별시 강남구 논현로 539, 6층",서울특별시 강남구,"논현로 539, 6층"
추가,202003,JI4268,케렌시아원(유),"서울특별시 강남구 테헤란로 152, 5층  강남파이낸스센터",서울특별시 강남구,"테헤란로 152, 5층  강남파이낸스센터"
추가,202003,JW2635,(주)엠티리버컨설팅,"서울특별시 강남구 논현로76길 24, 5층  5039호",서울특별시 강남구,"논현로76길 24, 5층  5039호"
추가,202003,LB4626,커리어셀파,"서울특별시 강남구 논현로 542, 3층  301호",서울특별시 강남구,"논현로 542, 3층  301호"
추가,202003,CX5118,대성,"서울특별시 강남구 삼성로 238, 태원리치타운 상가",서울특별시 강남구,"삼성로 238, 태원리치타운 상가"
추가,202003,IT8745,(주)솔리체,"서울특별시 강남구 테헤란로 311, 1908호",서울특별시 강남구,"테헤란로 311, 1908호"
추가,202003,JH3245,(주)비브릿지컴퍼니,"서울특별시 강남구 테헤란로4길 33, 301호",서울특별시 강남구,"테헤란로4길 33, 301호"
추가,202003,JW3181,웨스트원(유),"서울특별시 강남구 테헤란로 152, 5층  강남파이낸스센터",서울특별시 강남구,"테헤란로 152, 5층  강남파이낸스센터"
추가,202003,LB1348,방미TV,"서울특별시 강남구 압구정로 461, 2 5층  201 514호",서울특별시 강남구,"압구정로 461, 2 5층  201 514호"
추가,202003,LB2208,카페312,"서울특별시 강남구 압구정로2길 57, 1층  동",서울특별시 강남구,"압구정로2길 57, 1층  동"
추가,202003,BE8799,밀라노여관,"서울특별시 강남구 테헤란로2길 35,",서울특별시 강남구,"테헤란로2길 35,"
추가,202003,JA8327,(주)지와이에스,"서울특별시 강남구 테헤란로 441, 8층",서울특별시 강남구,"테헤란로 441, 8층"
추가,202003,JG8370,(주)더좋은하루,"서울특별시 강남구 선릉로 704, 10층  305호",서울특별시 강남구,"선릉로 704, 10층  305호"
추가,202003,JP2517,(주)콜로세움코퍼레이션,"서울특별시 강남구 역삼로 180, 3층",서울특별시 강남구,"역삼로 180, 3층"
추가,202003,JS3015,(주)희망드림,"서울특별시 강남구 선릉로86길 31, 403호",서울특별시 강남구,"선릉로86길 31, 403호"
추가,202003,JW7440,이앤에스인베스트먼트(유),"서울특별시 강남구 영동대로 511, 30층  3001호",서울특별시 강남구,"영동대로 511, 30층  3001호"
추가,202003,LA9681,크림,"서울특별시 강남구 선릉로157길 29, 2층",서울특별시 강남구,"선릉로157길 29, 2층"
추가,202003,LB1458,바이미소,"서울특별시 강남구 도산대로99길 39,",서울특별시 강남구,"도산대로99길 39,"
추가,202003,AR9579,부동산임대,"서울특별시 강남구 논현로159길 57,",서울특별시 강남구,"논현로159길 57,"
추가,202003,E17576,삼정산업,"서울특별시 강남구 도곡로 419,",서울특별시 강남구,"도곡로 419,"
추가,202003,FA0897,락플스방,"서울특별시 강남구 테헤란로 103, 2층  201호",서울특별시 강남구,"테헤란로 103, 2층  201호"
추가,202003,JD4062,(주)새론정보기술,"서울특별시 강남구 논현로8길 12, 202호",서울특별시 강남구,"논현로8길 12, 202호"
추가,202003,JE2187,(주)디허브플러스,"서울특별시 강남구 테헤란로28길 11, 6층",서울특별시 강남구,"테헤란로28길 11, 6층"
추가,202003,LA7386,고정식외1(선릉),"서울특별시 강남구 선릉로66길 8,",서울특별시 강남구,"선릉로66길 8,"
추가,202003,LB3729,포이나짐,"서울특별시 강남구 남부순환로378길 9, 1층  휘트니스",서울특별시 강남구,"남부순환로378길 9, 1층  휘트니스"
추가,202003,BD8751,신중현부동산,"서울특별시 강남구 봉은사로30길 7-7,",서울특별시 강남구,"봉은사로30길 7-7,"
추가,202003,IQ3789,(주)에스에이코퍼레이션,"서울특별시 강남구 테헤란로 623, 9층",서울특별시 강남구,"테헤란로 623, 9층"
추가,202003,JC6781,성우아이아이씨티(주),"서울특별시 강남구 언주로 723, 6층",서울특별시 강남구,"언주로 723, 6층"
추가,202003,JD7793,(주)키퍼,"서울특별시 강남구 강남대로94길 59, 5층",서울특별시 강남구,"강남대로94길 59, 5층"
추가,202003,JV5958,(주)컵풀,"서울특별시 강남구 선릉로 313, 2층",서울특별시 강남구,"선릉로 313, 2층"
추가,202003,LA2054,브라이드메르시,"서울특별시 강남구 도산대로81길 46, 2층",서울특별시 강남구,"도산대로81길 46, 2층"
추가,202003,HU6646,(주)크라운유나이티드,"서울특별시 강남구 봉은사로 407, 13층",서울특별시 강남구,"봉은사로 407, 13층"
추가,202003,IK7683,대신교육입시내비게이션,"서울특별시 강남구 도산대로8길 18-9, 2층",서울특별시 강남구,"도산대로8길 18-9, 2층"
추가,202003,JX9468,크립토멕스(주),"서울특별시 강남구 도산대로 145, 11층  1116호",서울특별시 강남구,"도산대로 145, 11층  1116호"
추가,202003,LA3769,청담하트피부과의원,"서울특별시 강남구 영동대로 704, 4층",서울특별시 강남구,"영동대로 704, 4층"
추가,202003,LA6606,부동산임대,"서울특별시 강남구 삼성로 155, 302호",서울특별시 강남구,"삼성로 155, 302호"
추가,202003,LB3642,흠터레스팅,"서울특별시 강남구 광평로10길 6, 204동 동4한솔마을 402호",서울특별시 강남구,"광평로10길 6, 204동 동4한솔마을 402호"
추가,202003,LB4482,애드포인,"서울특별시 강남구 논현로146길 40, 3층  304호",서울특별시 강남구,"논현로146길 40, 3층  304호"
변경,202003,406593,(주)지비엘코리아,"서울특별시 강남구 봉은사로 333, 별관 2층  세흥빌딩",서울특별시 강남구,"봉은사로 333, 별관 2층  세흥빌딩"
변경,202003,C93235,(주)세이프케어,"서울특별시 강남구 강남대로136길 15, 501호",서울특별시 강남구,"강남대로136길 15, 501호"
변경,202003,CM4875,(주)코리안푸드플러스,"서울특별시 강남구 개포로20길 8, 202호",서울특별시 강남구,"개포로20길 8, 202호"
변경,202003,E95862,(주)더밸류업컨설팅,"서울특별시 강남구 영동대로85길 34, 8층",서울특별시 강남구,"영동대로85길 34, 8층"
변경,202003,F56744,북바인더스디자인코리아(주),"서울특별시 강남구 도산대로25길 26, 지하2층  1호",서울특별시 강남구,"도산대로25길 26, 지하2층  1호"
변경,202003,F97178,그레이프바인(주),"서울특별시 강남구 언주로 419, 3층  2호",서울특별시 강남구,"언주로 419, 3층  2호"
변경,202003,G00555,(사)대한의료관광코디네이터협회,"서울특별시 강남구 논현로 428, 204호",서울특별시 강남구,"논현로 428, 204호"
변경,202003,HD7545,(주)아웃스탠딩컴퍼니,"서울특별시 강남구 영동대로85길 34, 401호",서울특별시 강남구,"영동대로85길 34, 401호"
변경,202003,HG9425,스노우컨테이너(주),"서울특별시 강남구 선릉로155길 27, 1층  101호",서울특별시 강남구,"선릉로155길 27, 1층  101호"
변경,202003,HI1913,(주)아이벡스리스크매니지먼트,"서울특별시 강남구 테헤란로87길 22, 7168호",서울특별시 강남구,"테헤란로87길 22, 7168호"
변경,202003,HJ2365,(주)리코브로스,"서울특별시 강남구 논현로 312, 비 1호",서울특별시 강남구,"논현로 312, 비 1호"
변경,202003,HK8929,순천아트월드(주),"서울특별시 강남구 봉은사로 418, 5층",서울특별시 강남구,"봉은사로 418, 5층"
변경,202003,I69593,(주)우정네트웍스,"서울특별시 강남구 도곡로18길 12, 101호",서울특별시 강남구,"도곡로18길 12, 101호"
변경,202003,IY1971,(주)알에스텍,"서울특별시 강남구 봉은사로68길 41, 2층",서울특별시 강남구,"봉은사로68길 41, 2층"
변경,202003,IZ3253,(주)바이오비엠,"서울특별시 강남구 강남대로 310, 1008호",서울특별시 강남구,"강남대로 310, 1008호"
변경,202003,J22258,(유)요기요미디어컴퍼니,"서울특별시 강남구 테헤란로5길 7, 12층",서울특별시 강남구,"테헤란로5길 7, 12층"
변경,202003,JB6923,(주)뷰티에이전시,"서울특별시 강남구 테헤란로79길 6, 4층  422호",서울특별시 강남구,"테헤란로79길 6, 4층  422호"
변경,202003,JE6822,(주)금융과나눔,"서울특별시 강남구 삼성로86길 22, 3층",서울특별시 강남구,"삼성로86길 22, 3층"
변경,202003,L40068,(주)빅트리파트너스,"서울특별시 강남구 봉은사로16길 32, 1층",서울특별시 강남구,"봉은사로16길 32, 1층"
변경,202003,786013,페니리오(주),"서울특별시 강남구 봉은사로16길 16, 자미온빌딩 4층",서울특별시 강남구,"봉은사로16길 16, 자미온빌딩 4층"
변경,202003,C16257,(주)엘에프푸드,"서울특별시 강남구 언주로 874, 6층",서울특별시 강남구,"언주로 874, 6층"
변경,202003,G86031,에너토피아코리아(주),"서울특별시 강남구 언주로 714, 601호",서울특별시 강남구,"언주로 714, 601호"
변경,202003,HN3698,(주)삼삼공밀리리터,"서울특별시 강남구 언주로147길 51, 102호",서울특별시 강남구,"언주로147길 51, 102호"
변경,202003,HQ4825,태그바이컴퍼니(주),"서울특별시 강남구 테헤란로 507, 8층  113호",서울특별시 강남구,"테헤란로 507, 8층  113호"
변경,202003,IT9385,(주)공브라더스,"서울특별시 강남구 봉은사로37길 22, 지하2층",서울특별시 강남구,"봉은사로37길 22, 지하2층"
변경,202003,IW2275,(주)태상디앤씨,"서울특별시 강남구 테헤란로82길 15, 1152호",서울특별시 강남구,"테헤란로82길 15, 1152호"
변경,202003,J96384,(주)슈퍼플랜,"서울특별시 강남구 도산대로54길 17, 2층",서울특별시 강남구,"도산대로54길 17, 2층"
변경,202003,JB1330,(주)에쓰쎄븐,"서울특별시 강남구 학동로31길 12, 5층",서울특별시 강남구,"학동로31길 12, 5층"
변경,202003,JG6497,튜블렛(주),"서울특별시 강남구 봉은사로 317, 2층  3층 3105호",서울특별시 강남구,"봉은사로 317, 2층  3층 3105호"
변경,202003,L61368,(주)인포웍스,"서울특별시 강남구 봉은사로 159, 5층",서울특별시 강남구,"봉은사로 159, 5층"
변경,202003,3789,(주)성세무역,"서울특별시 강남구 테헤란로53길 14,",서울특별시 강남구,"테헤란로53길 14,"
변경,202003,42963,새마을금고중앙회,"서울특별시 강남구 봉은사로114길 20,",서울특별시 강남구,"봉은사로114길 20,"
변경,202003,165141,여호수아갈렙종합건설(주),"서울특별시 강남구 학동로 342, 207호",서울특별시 강남구,"학동로 342, 207호"
변경,202003,429328,(주)노아아이앤씨그룹,"서울특별시 강남구 논현로72길 33, 4층  A2호",서울특별시 강남구,"논현로72길 33, 4층  A2호"
변경,202003,712482,김준미용실,"서울특별시 강남구 영동대로 511, 무역센터트레이드타워 공항터미널 지하1층",서울특별시 강남구,"영동대로 511, 무역센터트레이드타워 공항터미널 지하1층"
변경,202003,F42971,스펜서인베스트먼트(주),"서울특별시 강남구 일원로5길 73, B3호 호",서울특별시 강남구,"일원로5길 73, B3호 호"
변경,202003,G48964,(주)오프너스제이,"서울특별시 강남구 밤고개로1길 10, 1827호",서울특별시 강남구,"밤고개로1길 10, 1827호"
변경,202003,H14273,(주)강남에이엠씨,"서울특별시 강남구 삼성로85길 39, 402 403 404호",서울특별시 강남구,"삼성로85길 39, 402 403 404호"
변경,202003,H38551,(주)알앤비에스,"서울특별시 강남구 논현로 650, 보은빌딩  301호",서울특별시 강남구,"논현로 650, 보은빌딩  301호"
변경,202003,H64902,(주)씨엠컴퍼니,"서울특별시 강남구 봉은사로44길 35,",서울특별시 강남구,"봉은사로44길 35,"
변경,202003,HO9113,(주)팬리퍼블릭,"서울특별시 강남구 학동로47길 6, 3층",서울특별시 강남구,"학동로47길 6, 3층"
변경,202003,HP4727,천개의고원학원,"서울특별시 강남구 도곡로 522, 2층",서울특별시 강남구,"도곡로 522, 2층"
변경,202003,HR3583,한국제네시스(유),"서울특별시 강남구 영동대로 517, 1702호",서울특별시 강남구,"영동대로 517, 1702호"
변경,202003,HT5048,(주)시즈밍,"서울특별시 강남구 언주로 550, 4층",서울특별시 강남구,"언주로 550, 4층"
변경,202003,HV0359,(유)미니포스시즌2문화산업전문회사,"서울특별시 강남구 테헤란로 325, 8층",서울특별시 강남구,"테헤란로 325, 8층"
변경,202003,I02863,(주)이노베이트,"서울특별시 강남구 개포로 516, 701동 601호",서울특별시 강남구,"개포로 516, 701동 601호"
변경,202003,I22200,(사)한국교사식물연구회,"서울특별시 강남구 광평로56길 8-13, 1705호",서울특별시 강남구,"광평로56길 8-13, 1705호"
변경,202003,IQ2494,(주)인에이블자산대부,"서울특별시 강남구 언주로129길 6, 2층",서울특별시 강남구,"언주로129길 6, 2층"
변경,202003,IR1627,(주)더빌더스,"서울특별시 강남구 역삼로 123, 9층  911호",서울특별시 강남구,"역삼로 123, 9층  911호"
변경,202003,IW4545,(주)에이치제이무역,"서울특별시 강남구 영동대로106길 11, 1층  113호",서울특별시 강남구,"영동대로106길 11, 1층  113호"
변경,202003,J47666,엠큐디벨로퍼(주),"서울특별시 강남구 테헤란로20길 18, 2층",서울특별시 강남구,"테헤란로20길 18, 2층"
변경,202003,JM1354,(주)펀그라운드,"서울특별시 강남구 학동로 170, 3층  309호",서울특별시 강남구,"학동로 170, 3층  309호"
변경,202003,L69821,(주)뮤제오앤퍼블릭,"서울특별시 강남구 강남대로 464, 5층  516호",서울특별시 강남구,"강남대로 464, 5층  516호"
변경,202003,L75808,(주)위제스트,"서울특별시 강남구 역삼로83길 11, 2층",서울특별시 강남구,"역삼로83길 11, 2층"
변경,202003,118488,(주)씨스팡,"서울특별시 강남구 테헤란로 322, 동관 19층",서울특별시 강남구,"테헤란로 322, 동관 19층"
변경,202003,219797,하진기업(주),"서울특별시 강남구 논현로127길 13-3, 3층",서울특별시 강남구,"논현로127길 13-3, 3층"
변경,202003,221397,(주)티에스리모델링,"서울특별시 강남구 학동로 215, 201호 호 203호",서울특별시 강남구,"학동로 215, 201호 호 203호"
변경,202003,CD2033,(주)론스타대부,"서울특별시 강남구 헌릉로745길 25, A동 304호",서울특별시 강남구,"헌릉로745길 25, A동 304호"
변경,202003,E86740,(주)로바나코리아,"서울특별시 강남구 봉은사로 317, 3113호",서울특별시 강남구,"봉은사로 317, 3113호"
변경,202003,E88205,(주)스트락스건축사사무소,"서울특별시 강남구 도산대로30길 41-4, 2층",서울특별시 강남구,"도산대로30길 41-4, 2층"
변경,202003,F35640,(주)디더블유에스그룹,"서울특별시 강남구 학동로 523, 4층  401호",서울특별시 강남구,"학동로 523, 4층  401호"
변경,202003,F36867,(주)피엔엘코퍼레이션,"서울특별시 강남구 논현로14길 8,",서울특별시 강남구,"논현로14길 8,"
변경,202003,G23674,(주)진엔원뮤직웍스,"서울특별시 강남구 삼성로99길 22,",서울특별시 강남구,"삼성로99길 22,"
변경,202003,H09840,(주)디케이제이에스,"서울특별시 강남구 강남대로84길 23, 1408-2호",서울특별시 강남구,"강남대로84길 23, 1408-2호"
변경,202003,I61370,(주)지오코리아,"서울특별시 강남구 도산대로 145, 5층  512호",서울특별시 강남구,"도산대로 145, 5층  512호"
변경,202003,IL7000,(주)시온종합건설,"서울특별시 강남구 강남대로126길 33, 5층  503호",서울특별시 강남구,"강남대로126길 33, 5층  503호"
변경,202003,IR9005,(주)탈렌토,"서울특별시 강남구 언주로172길 53, 2층",서울특별시 강남구,"언주로172길 53, 2층"
변경,202003,J99020,(주)여행가자고,"서울특별시 강남구 테헤란로77길 11-9, 11층",서울특별시 강남구,"테헤란로77길 11-9, 11층"
변경,202003,JC2968,스마트투자파트너스(주),"서울특별시 강남구 언주로 639, 2층",서울특별시 강남구,"언주로 639, 2층"
변경,202003,108848,아가월드(주),"서울특별시 강남구 강남대로 456, 13층  1320호",서울특별시 강남구,"강남대로 456, 13층  1320호"
변경,202003,244493,(주)카프나,"서울특별시 강남구 테헤란로 313, 1913호",서울특별시 강남구,"테헤란로 313, 1913호"
변경,202003,C02691,(사)한국정보디스플레이학회,"서울특별시 강남구 테헤란로7길 22, 신관 10층",서울특별시 강남구,"테헤란로7길 22, 신관 10층"
변경,202003,E97181,(주)아이두마케팅,"서울특별시 강남구 언주로 552, 5층",서울특별시 강남구,"언주로 552, 5층"
변경,202003,G16578,(주)뷰티플라이프,"서울특별시 강남구 봉은사로48길 44-12,",서울특별시 강남구,"봉은사로48길 44-12,"
변경,202003,G79432,(주)드림스퀘어에스,"서울특별시 강남구 강남대로158길 9, 3층",서울특별시 강남구,"강남대로158길 9, 3층"
변경,202003,H07459,(주)디자인스튜디오돔디오엠,"서울특별시 강남구 봉은사로18길 4, 5층",서울특별시 강남구,"봉은사로18길 4, 5층"
변경,202003,H13943,(주)제이비아이,"서울특별시 강남구 도곡로1길 14, 602호",서울특별시 강남구,"도곡로1길 14, 602호"
변경,202003,H43718,(주)마스트레이드,"서울특별시 강남구 삼성로99길 14, 101동 805호",서울특별시 강남구,"삼성로99길 14, 101동 805호"
변경,202003,HG4111,위엔터테인먼트컴퍼니(주),"서울특별시 강남구 논현로 650-1, 2층  2호  히아빌딩",서울특별시 강남구,"논현로 650-1, 2층  2호  히아빌딩"
변경,202003,HJ3473,(주)딜란디스코리아,"서울특별시 강남구 도산대로 145, 11층  1122호",서울특별시 강남구,"도산대로 145, 11층  1122호"
변경,202003,HJ5917,(주)알파시스템,"서울특별시 강남구 남부순환로365길 5, 상가 418호",서울특별시 강남구,"남부순환로365길 5, 상가 418호"
변경,202003,HJ6577,도시농부산업개발(주),"서울특별시 강남구 강남대로 320, 5층  엘에스 28호",서울특별시 강남구,"강남대로 320, 5층  엘에스 28호"
변경,202003,HN8517,(주)제이와이케미칼,"서울특별시 강남구 테헤란로 309, 1307호",서울특별시 강남구,"테헤란로 309, 1307호"
변경,202003,HP6724,더코어파트너스(주),"서울특별시 강남구 영동대로 517, 37층",서울특별시 강남구,"영동대로 517, 37층"
변경,202003,HP8528,(주)통일부동산중개법인,"서울특별시 강남구 언주로 427, 201호",서울특별시 강남구,"언주로 427, 201호"
변경,202003,I82123,지티엘파트너스(주),"서울특별시 강남구 테헤란로 147, 19층  1901호",서울특별시 강남구,"테헤란로 147, 19층  1901호"
변경,202003,IL9105,(주)브릿지벤처스,"서울특별시 강남구 테헤란로8길 11-4, 6층",서울특별시 강남구,"테헤란로8길 11-4, 6층"
변경,202003,IX8531,(주)안,"서울특별시 강남구 테헤란로 310, 606호",서울특별시 강남구,"테헤란로 310, 606호"
변경,202003,IZ9846,(주)태니지먼트,"서울특별시 강남구 영동대로106길 11, 지하1층  비 101호",서울특별시 강남구,"영동대로106길 11, 지하1층  비 101호"
변경,202003,J02332,에스투케이헬스케어(주),"서울특별시 강남구 광평로56길 8-13, 903호",서울특별시 강남구,"광평로56길 8-13, 903호"
변경,202003,J05788,(주)디자인메리지,"서울특별시 강남구 선릉로 815, 304호",서울특별시 강남구,"선릉로 815, 304호"
변경,202003,JA0082,(주)스페이스디엔에이,"서울특별시 강남구 일원로3길 20, 2층",서울특별시 강남구,"일원로3길 20, 2층"
변경,202003,JS8174,아이큐어펩젠(주),"서울특별시 강남구 봉은사로104길 10, 6층",서울특별시 강남구,"봉은사로104길 10, 6층"
변경,202003,L85847,(주)에스큐브이엔지,"서울특별시 강남구 언주로129길 6, 5층  503호",서울특별시 강남구,"언주로129길 6, 5층  503호"
변경,202003,P48963,PENN스튜디오,"서울특별시 강남구 봉은사로43길 55, 지하1층",서울특별시 강남구,"봉은사로43길 55, 지하1층"
변경,202003,11157,(주)세진종합상사,"서울특별시 강남구 선릉로 604, 호산프라자  2층  205호",서울특별시 강남구,"선릉로 604, 호산프라자  2층  205호"
변경,202003,16012,(주)스타컴기획,"서울특별시 강남구 언주로 844,",서울특별시 강남구,"언주로 844,"
변경,202003,170598,에이오엔비지엔(주),"서울특별시 강남구 강남대로 358,",서울특별시 강남구,"강남대로 358,"
변경,202003,443162,(주)중소기업보증금융,"서울특별시 강남구 봉은사로 121, 3층",서울특별시 강남구,"봉은사로 121, 3층"
변경,202003,460343,(주)커리어디벨롭먼트코리아,"서울특별시 강남구 테헤란로 504, 4층",서울특별시 강남구,"테헤란로 504, 4층"
변경,202003,493796,케이피건설(주),"서울특별시 강남구 언주로30길 13, 1712호",서울특별시 강남구,"언주로30길 13, 1712호"
변경,202003,946156,(주)알파상사,"서울특별시 강남구 학동로 165, 14 마일스디오빌  1층  101호",서울특별시 강남구,"학동로 165, 14 마일스디오빌  1층  101호"
변경,202003,E80417,(주)원일디자인,"서울특별시 강남구 영동대로 644,",서울특별시 강남구,"영동대로 644,"
변경,202003,F27185,재스민라로끄(주),"서울특별시 강남구 압구정로12길 10, 6층  신한은행압구정로데오  압구정지점",서울특별시 강남구,"압구정로12길 10, 6층  신한은행압구정로데오  압구정지점"
변경,202003,G26468,비컴스(주),"서울특별시 강남구 논현로149길 36, 3층",서울특별시 강남구,"논현로149길 36, 3층"
변경,202003,G70366,(주)프라임홀딩스인터내셔널,"서울특별시 강남구 영동대로 602, 6층  디 37호",서울특별시 강남구,"영동대로 602, 6층  디 37호"
변경,202003,H12145,(주)토쏘쏘,"서울특별시 강남구 개포로32길 8, 401호",서울특별시 강남구,"개포로32길 8, 401호"
변경,202003,HD5637,(주)탐건설,"서울특별시 강남구 테헤란로 406, A동 907호",서울특별시 강남구,"테헤란로 406, A동 907호"
변경,202003,HP4384,(주)주타노아시아,"서울특별시 강남구 압구정로12길 18, 7층",서울특별시 강남구,"압구정로12길 18, 7층"
변경,202003,I19727,(유)상역물산,"서울특별시 강남구 도곡로 325,",서울특별시 강남구,"도곡로 325,"
변경,202003,IO1168,가민코리아(유),"서울특별시 강남구 테헤란로87길 21,",서울특별시 강남구,"테헤란로87길 21,"
변경,202003,IU4172,동해스톤마인(주),"서울특별시 강남구 테헤란로 328, 지층  105동 비 9호",서울특별시 강남구,"테헤란로 328, 지층  105동 비 9호"
변경,202003,J22729,(주)옐로모바일,"서울특별시 강남구 선릉로 704, 10층  374호",서울특별시 강남구,"선릉로 704, 10층  374호"
변경,202003,J87973,(주)탑투어,"서울특별시 강남구 테헤란로 313, 1415호",서울특별시 강남구,"테헤란로 313, 1415호"
변경,202003,JP6752,라운드의원,"서울특별시 강남구 테헤란로 101, 13층  1301호",서울특별시 강남구,"테헤란로 101, 13층  1301호"
변경,202003,M01646,케이엠씨컴퍼니(주),"서울특별시 강남구 테헤란로34길 21-4, 301호",서울특별시 강남구,"테헤란로34길 21-4, 301호"
변경,202003,M37874,(주)알리프,"서울특별시 강남구 논현로117길 7, 1층  전체",서울특별시 강남구,"논현로117길 7, 1층  전체"
변경,202003,O32641,수인장학재단,"서울특별시 강남구 논현로 327,",서울특별시 강남구,"논현로 327,"
변경,202003,T06672,역삼공판장,"서울특별시 강남구 역삼로9길 28,",서울특별시 강남구,"역삼로9길 28,"
변경,202003,144020,(주)아이티룩스,"서울특별시 강남구 테헤란로8길 37, 지하1층",서울특별시 강남구,"테헤란로8길 37, 지하1층"
변경,202003,698194,(주)일래븐,"서울특별시 강남구 강남대로 320, 1108호",서울특별시 강남구,"강남대로 320, 1108호"
변경,202003,E93119,(주)디렉터마켓,"서울특별시 강남구 역삼로37길 11,",서울특별시 강남구,"역삼로37길 11,"
변경,202003,E97617,(주)엠앤디소프트,"서울특별시 강남구 강남대로 342, 5층  511-1호",서울특별시 강남구,"강남대로 342, 5층  511-1호"
변경,202003,H66848,(주)신영트레이딩,"서울특별시 강남구 봉은사로16길 16, 2층",서울특별시 강남구,"봉은사로16길 16, 2층"
변경,202003,H69165,(주)스페쉬에프엔비,"서울특별시 강남구 영동대로 721, 7층  709호",서울특별시 강남구,"영동대로 721, 7층  709호"
변경,202003,H97179,(주)알스토리,"서울특별시 강남구 테헤란로 116, 10층  1028호",서울특별시 강남구,"테헤란로 116, 10층  1028호"
변경,202003,HJ3916,(주)에버건설,"서울특별시 강남구 삼성로96길 6, 1110호",서울특별시 강남구,"삼성로96길 6, 1110호"
변경,202003,HT3687,(주)월드컬쳐그룹,"서울특별시 강남구 테헤란로82길 15, 1402호",서울특별시 강남구,"테헤란로82길 15, 1402호"
변경,202003,HV2994,(주)제이앤엘테크,"서울특별시 강남구 헌릉로569길 19, 6층",서울특별시 강남구,"헌릉로569길 19, 6층"
변경,202003,I18495,(주)재원씨앤디,"서울특별시 강남구 선릉로90길 56, 629호",서울특별시 강남구,"선릉로90길 56, 629호"
변경,202003,L02823,신서울영농조합법인,"서울특별시 강남구 선릉로89길 9, 8층",서울특별시 강남구,"선릉로89길 9, 8층"
변경,202003,L56139,(주)성우인터내셔날,"서울특별시 강남구 학동로24길 17, 3층",서울특별시 강남구,"학동로24길 17, 3층"
변경,202003,M01914,정운이엔에이(주),"서울특별시 강남구 테헤란로 327, 512호",서울특별시 강남구,"테헤란로 327, 512호"
변경,202003,1779,(주)한협통상,"서울특별시 강남구 테헤란로57길 24,",서울특별시 강남구,"테헤란로57길 24,"
변경,202003,372065,마제스티골프코리아(주),"서울특별시 강남구 영동대로 511, 34층",서울특별시 강남구,"영동대로 511, 34층"
변경,202003,CD6073,(유)스탬셀바이오인베스트먼트,"서울특별시 강남구 테헤란로 521, 29층",서울특별시 강남구,"테헤란로 521, 29층"
변경,202003,DC2675,(주)설경도시개발,"서울특별시 강남구 테헤란로51길 18, 4층  472호",서울특별시 강남구,"테헤란로51길 18, 4층  472호"
변경,202003,E79367,(주)제스트글로벌,"서울특별시 강남구 봉은사로 123, A동 1106호",서울특별시 강남구,"봉은사로 123, A동 1106호"
변경,202003,F56740,루체른(주),"서울특별시 강남구 봉은사로 411, 5층",서울특별시 강남구,"봉은사로 411, 5층"
변경,202003,F88497,(주)범일국제물류,"서울특별시 강남구 테헤란로4길 6, 304호",서울특별시 강남구,"테헤란로4길 6, 304호"
변경,202003,G03308,쉐이커미디어(주),"서울특별시 강남구 영동대로106길 11, 5층",서울특별시 강남구,"영동대로106길 11, 5층"
변경,202003,G48757,(주)예성디자인건설,"서울특별시 강남구 강남대로84길 23, 1210호",서울특별시 강남구,"강남대로84길 23, 1210호"
변경,202003,H30275,(주)우리교육컨설팅,"서울특별시 강남구 삼성로69길 38, 501호",서울특별시 강남구,"삼성로69길 38, 501호"
변경,202003,H94691,(주)빔인터랙티브,"서울특별시 강남구 논현로135길 12, 지하1층  1층 4호 층",서울특별시 강남구,"논현로135길 12, 지하1층  1층 4호 층"
변경,202003,HI3560,(주)하성디자인,"서울특별시 강남구 밤고개로1길 10, 4층  401호",서울특별시 강남구,"밤고개로1길 10, 4층  401호"
변경,202003,HM6558,(주)화이트코튼,"서울특별시 강남구 강남대로162길 27-3, 202호",서울특별시 강남구,"강남대로162길 27-3, 202호"
변경,202003,HP8616,엘제이씨에셋(주),"서울특별시 강남구 역삼로 432, 401호",서울특별시 강남구,"역삼로 432, 401호"
변경,202003,HQ8910,알타미라픽쳐스(주),"서울특별시 강남구 역삼로 432, 401호",서울특별시 강남구,"역삼로 432, 401호"
변경,202003,J79083,(주)넥스트매치,"서울특별시 강남구 언주로 428, 9층",서울특별시 강남구,"언주로 428, 9층"
변경,202003,JA8880,특허법인뉴코리아,"서울특별시 강남구 테헤란로13길 12, 4층",서울특별시 강남구,"테헤란로13길 12, 4층"
추가,202003,JL6549,(주)에코윈,"경기도 화성시 노하길 472-11, 나동",경기도 화성시,"노하길 472-11, 나동"
추가,202003,LB4826,coffee수,"경기도 화성시 동탄기흥로257번나길 4-12, 1층",경기도 화성시,"동탄기흥로257번나길 4-12, 1층"
추가,202003,LB6807,북경청어람해법중국어학원,"경기도 화성시 동탄솔빛로 52, 301호",경기도 화성시,"동탄솔빛로 52, 301호"
추가,202003,EY1162,희한시스템,"경기도 화성시 길성안길 90-3,",경기도 화성시,"길성안길 90-3,"
추가,202003,IS5580,강호렌탈(주),"경기도 화성시 하저자안로 169-50,",경기도 화성시,"하저자안로 169-50,"
추가,202003,JH9044,(주)수호,"경기도 화성시 동탄순환대로25길 21, 503동 1202호",경기도 화성시,"동탄순환대로25길 21, 503동 1202호"
추가,202003,JI9234,(주)대아에프앤에스,"경기도 화성시 푸른들판로 892-17,",경기도 화성시,"푸른들판로 892-17,"
추가,202003,JK8030,(주)아이웨이브,"경기도 화성시 노작로 147, 601동 623호",경기도 화성시,"노작로 147, 601동 623호"
추가,202003,JO9682,티에스엠티(주),"경기도 화성시 화성로 1476-13,",경기도 화성시,"화성로 1476-13,"
추가,202003,LA0368,나은테크,"경기도 화성시 장안로 662-117,",경기도 화성시,"장안로 662-117,"
추가,202003,LA0423,나무옆기린,"경기도 화성시 화산로 57, 1층  101호  좌측호",경기도 화성시,"화산로 57, 1층  101호  좌측호"
추가,202003,LA6952,(주)이든오디오,"경기도 화성시 동탄대로 636-3, C동 1009호",경기도 화성시,"동탄대로 636-3, C동 1009호"
추가,202003,LA7395,동탄겜팍야구연습장,"경기도 화성시 동탄대로 537, 5층  521호",경기도 화성시,"동탄대로 537, 5층  521호"
추가,202003,LB3503,삼성영어제암초학원,"경기도 화성시 발안남로 51, 3층",경기도 화성시,"발안남로 51, 3층"
추가,202003,LB3886,띠앗머리,"경기도 화성시 동탄기흥로353번길 77, 209동 동1층  103호",경기도 화성시,"동탄기흥로353번길 77, 209동 동1층  103호"
추가,202003,R52106,주원하이텍,"경기도 화성시 병점동로 158,",경기도 화성시,"병점동로 158,"
추가,202003,FQ5031,한결푸드케어,"경기도 화성시 제약공단2길 18,",경기도 화성시,"제약공단2길 18,"
추가,202003,GJ7188,영호테크,"경기도 화성시 초록로210번길 29,",경기도 화성시,"초록로210번길 29,"
추가,202003,JS6242,템포디올(주),"경기도 화성시 동탄치동천로2길 4-10, 1층",경기도 화성시,"동탄치동천로2길 4-10, 1층"
추가,202003,JZ9574,제이에스미디어팩토리,"경기도 화성시 동탄대로 643, 501호",경기도 화성시,"동탄대로 643, 501호"
추가,202003,LA7562,UWA UWA(우와우와),"경기도 화성시 동탄순환대로10길 88, 3604동 804호",경기도 화성시,"동탄순환대로10길 88, 3604동 804호"
추가,202003,LA9468,성현테크,"경기도 화성시 현대기아로324번길 10,",경기도 화성시,"현대기아로324번길 10,"
추가,202003,LB0439,피이지코리아,"경기도 화성시 동탄대로 637, 6층  603호",경기도 화성시,"동탄대로 637, 6층  603호"
추가,202003,LB2504,그림이좋은아이들학원,"경기도 화성시 동탄중앙로 68, 502호",경기도 화성시,"동탄중앙로 68, 502호"
추가,202003,LB4557,내조김밥,"경기도 화성시 조암동로 8-1, 1층",경기도 화성시,"조암동로 8-1, 1층"
추가,202003,IZ9812,(주)씨씨아이케이,"경기도 화성시 동탄기흥로 557, 1503호",경기도 화성시,"동탄기흥로 557, 1503호"
추가,202003,JH1114,렉소(주),"경기도 화성시 동탄대로21길 10, 1702호",경기도 화성시,"동탄대로21길 10, 1702호"
추가,202003,JM5473,(주)와이앤비,"경기도 화성시 동탄대로시범길 20, 1417동 103호",경기도 화성시,"동탄대로시범길 20, 1417동 103호"
추가,202003,LA2230,하람철강,"경기도 화성시 서봉로 582-5,",경기도 화성시,"서봉로 582-5,"
추가,202003,LA3089,이경테크,"경기도 화성시 석포로 325-15,",경기도 화성시,"석포로 325-15,"
추가,202003,LA9282,현경씨앤알,"경기도 화성시 배양남길 97,",경기도 화성시,"배양남길 97,"
추가,202003,LA9567,와일드복싱,"경기도 화성시 동탄대로시범길 193, 503호",경기도 화성시,"동탄대로시범길 193, 503호"
추가,202003,LB3681,돌쇠사골곰탕,"경기도 화성시 주석로1016번길 15,",경기도 화성시,"주석로1016번길 15,"
추가,202003,LB6635,유브이터치,"경기도 화성시 동탄기흥로 570-6, 904호",경기도 화성시,"동탄기흥로 570-6, 904호"
추가,202003,EW0773,사랑방푸드,"경기도 화성시 동탄지성로 42, 시범한빛마을동탄아이파크2단지아파트  221동 1604호",경기도 화성시,"동탄지성로 42, 시범한빛마을동탄아이파크2단지아파트  221동 1604호"
추가,202003,JB0263,(주)자이언중공업,"경기도 화성시 전곡산단10길 16,",경기도 화성시,"전곡산단10길 16,"
추가,202003,JR7677,티와이환경(주),"경기도 화성시 발안공단로2길 34, 707호",경기도 화성시,"발안공단로2길 34, 707호"
추가,202003,LB4569,크린에이드호반베르디움3차,"경기도 화성시 동탄신리천로1길 74, 1929동 106호",경기도 화성시,"동탄신리천로1길 74, 1929동 106호"
추가,202003,LB5908,펀비어킹,"경기도 화성시 행정서로3길 12-1,",경기도 화성시,"행정서로3길 12-1,"
추가,202003,X66985,다원테크,"경기도 화성시 진안북길 84,",경기도 화성시,"진안북길 84,"
추가,202003,JL6006,(주)조앤윤,"경기도 화성시 매바위로 40-8,",경기도 화성시,"매바위로 40-8,"
추가,202003,LB1758,청진교통,"경기도 화성시 병점중앙로 214-41,",경기도 화성시,"병점중앙로 214-41,"
추가,202003,LB3122,짱코퍼레이션,"경기도 화성시 노작로 147, 6층  B29호",경기도 화성시,"노작로 147, 6층  B29호"
추가,202003,AB9540,태성오토빌리지,"경기도 화성시 10용사3길 27,",경기도 화성시,"10용사3길 27,"
추가,202003,IY0207,(주)보라중공업,"경기도 화성시 하저자안로 165,",경기도 화성시,"하저자안로 165,"
추가,202003,LA2939,메디팜동탄약국,"경기도 화성시 동탄순환대로20길 118, B동 107호",경기도 화성시,"동탄순환대로20길 118, B동 107호"
추가,202003,LA3894,휴초밥,"경기도 화성시 동탄반송1길 20-3, 1층  일부호",경기도 화성시,"동탄반송1길 20-3, 1층  일부호"
추가,202003,LA5680,에프알디,"경기도 화성시 시청로 682-1,",경기도 화성시,"시청로 682-1,"
추가,202003,LB8560,아이센스몰,"경기도 화성시 동탄순환대로19길 21, 2002동 905호",경기도 화성시,"동탄순환대로19길 21, 2002동 905호"
추가,202003,R52105,리젠시빌,"경기도 화성시 병점동로134번길 4,",경기도 화성시,"병점동로134번길 4,"
추가,202003,V56554,부동산임대,"경기도 화성시 병점중앙로170번길 4,",경기도 화성시,"병점중앙로170번길 4,"
추가,202003,CE5140,KC건설기획,"경기도 화성시 매바위로237번길 37-17,",경기도 화성시,"매바위로237번길 37-17,"
추가,202003,HK1775,(주)정진종합수출포장,"경기도 화성시 복만터길72번길 10-3,",경기도 화성시,"복만터길72번길 10-3,"
추가,202003,JN0289,(주)로그,"경기도 화성시 여울로4길 55-12, 101호",경기도 화성시,"여울로4길 55-12, 101호"
추가,202003,LA9595,에이엠티,"경기도 화성시 오궁길 7,",경기도 화성시,"오궁길 7,"
추가,202003,LA7537,효남인베스트,"경기도 화성시 서봉로 376, 166동 -19번지 166-4호 번지",경기도 화성시,"서봉로 376, 166동 -19번지 166-4호 번지"
추가,202003,LB0573,autoOasis(홈플러스병점)점,"경기도 화성시 경기대로 985,",경기도 화성시,"경기대로 985,"
추가,202003,LB1477,트러블슈터,"경기도 화성시 동탄지성로 17, B동 3803호",경기도 화성시,"동탄지성로 17, B동 3803호"
추가,202003,LB3204,국수나무화성와우점,"경기도 화성시 와우로 80, 1층  106호",경기도 화성시,"와우로 80, 1층  106호"
추가,202003,LB3703,발칙한떡볶이,"경기도 화성시 대밭로 47, 107호",경기도 화성시,"대밭로 47, 107호"
추가,202003,BP7005,대영휠타,"경기도 화성시 석포로74번길 10-14,",경기도 화성시,"석포로74번길 10-14,"
추가,202003,IQ9010,(주)치레바산업,"경기도 화성시 버들로 1031-28,",경기도 화성시,"버들로 1031-28,"
추가,202003,IR1363,(주)에스알,"경기도 화성시 마당바위로 229,",경기도 화성시,"마당바위로 229,"
추가,202003,LA0507,매드스토어,"경기도 화성시 역골중앙로41번길 23, 지하1층",경기도 화성시,"역골중앙로41번길 23, 지하1층"
추가,202003,LB2602,다나릴렉스,"경기도 화성시 행정죽전로1길 38,",경기도 화성시,"행정죽전로1길 38,"
추가,202003,LB3214,미가떡방앗간,"경기도 화성시 행정서로3길 4-42, 1층  103호",경기도 화성시,"행정서로3길 4-42, 1층  103호"
추가,202003,LB3643,공간샘스터디카페병점점,"경기도 화성시 병점중앙로 87, 2층  201 205호",경기도 화성시,"병점중앙로 87, 2층  201 205호"
추가,202003,T85409,우리월드상사,"경기도 화성시 정남동로 223,",경기도 화성시,"정남동로 223,"
추가,202003,HC1307,환영공조ENG,"경기도 화성시 황계길 150-19,",경기도 화성시,"황계길 150-19,"
추가,202003,IZ3264,(주)에이티엔,"경기도 화성시 온천로 460,",경기도 화성시,"온천로 460,"
추가,202003,LA2876,엠디에이에스,"경기도 화성시 동탄중심상가1길 33, 9층  14호",경기도 화성시,"동탄중심상가1길 33, 9층  14호"
추가,202003,LA2992,유림산업,"경기도 화성시 안녕남로96번길 16,",경기도 화성시,"안녕남로96번길 16,"
추가,202003,LB3512,마음샘아동발달센터동탄점,"경기도 화성시 동탄지성로 11, 503호",경기도 화성시,"동탄지성로 11, 503호"
추가,202003,LB4539,자이온플렉스,"경기도 화성시 동탄숲속로 95, 812동 401호",경기도 화성시,"동탄숲속로 95, 812동 401호"
추가,202003,LB6864,개네가고양이네,"경기도 화성시 남양시장로45번길 4,",경기도 화성시,"남양시장로45번길 4,"
추가,202003,LB6867,ARCO(알코),"경기도 화성시 무봉길 175-9, 나동",경기도 화성시,"무봉길 175-9, 나동"
추가,202003,LB6873,향남봄소아청소년과의원,"경기도 화성시 행정중앙2로 33, 302동 303호",경기도 화성시,"행정중앙2로 33, 302동 303호"
추가,202003,X97953,무호산업,"경기도 화성시 원골길 36,",경기도 화성시,"원골길 36,"
추가,202003,AT5447,신영화물,"경기도 화성시 서낭목길 48-33,",경기도 화성시,"서낭목길 48-33,"
추가,202003,I11621,협성정공사,"경기도 화성시 세자로 317-60,",경기도 화성시,"세자로 317-60,"
추가,202003,LA2729,대산제3태양광발전소,"경기도 화성시 화성로 973,",경기도 화성시,"화성로 973,"
추가,202003,LA3714,인디엔에이,"경기도 화성시 동탄대로 677-5, 5동 동515층",경기도 화성시,"동탄대로 677-5, 5동 동515층"
추가,202003,LA5635,힐링스,"경기도 화성시 덕영대로1376번길 241-5,",경기도 화성시,"덕영대로1376번길 241-5,"
추가,202003,LA8483,센치,"경기도 화성시 남여울3길 19, 301호",경기도 화성시,"남여울3길 19, 301호"
추가,202003,LB1392,재은정밀,"경기도 화성시 만년로 443-16,",경기도 화성시,"만년로 443-16,"
추가,202003,LB3689,권영우,"경기도 화성시 역골로 21,",경기도 화성시,"역골로 21,"
추가,202003,LB4599,더봄푸드,"경기도 화성시 남양로 1234,",경기도 화성시,"남양로 1234,"
추가,202003,LB5670,제이에스에이치,"경기도 화성시 동학산2길 9, 1층  102호",경기도 화성시,"동학산2길 9, 1층  102호"
추가,202003,Q29734,화신볼트,"경기도 화성시 시청로 955,",경기도 화성시,"시청로 955,"
추가,202003,CN6835,티알에스코리아,"경기도 화성시 시청로 1732-63,",경기도 화성시,"시청로 1732-63,"
추가,202003,HS9782,(주)홍진,"경기도 화성시 최루백로 407-2,",경기도 화성시,"최루백로 407-2,"
추가,202003,IE2119,스네일버스,"경기도 화성시 주석로 1098, 2층  213호  창업보육센터",경기도 화성시,"주석로 1098, 2층  213호  창업보육센터"
추가,202003,JI4576,(주)버뮤다컴퍼니,"경기도 화성시 용소금각로36번길 61,",경기도 화성시,"용소금각로36번길 61,"
추가,202003,JP6201,(주)로고젝코리아,"경기도 화성시 동탄대로 637, 709호",경기도 화성시,"동탄대로 637, 709호"
추가,202003,LA9361,창신테크,"경기도 화성시 동산재길 61,",경기도 화성시,"동산재길 61,"
추가,202003,LB2360,이드림어학원,"경기도 화성시 동탄순환대로29길 64, 204호  일부  205호 전체",경기도 화성시,"동탄순환대로29길 64, 204호  일부  205호 전체"
추가,202003,LB6641,린엔터테인먼트,"경기도 화성시 지산1길 22-6, 101호",경기도 화성시,"지산1길 22-6, 101호"
추가,202003,V64732,신일공구,"경기도 화성시 남양로 587,",경기도 화성시,"남양로 587,"
추가,202003,JV6994,열린건설(주),"경기도 화성시 제부로654번길 96-31,",경기도 화성시,"제부로654번길 96-31,"
추가,202003,LB2318,김용혜,"경기도 화성시 동탄대로 489, 1동 101호",경기도 화성시,"동탄대로 489, 1동 101호"
추가,202003,LB2378,원더랩스,"경기도 화성시 동탄대로 469-12, 102동 201호",경기도 화성시,"동탄대로 469-12, 102동 201호"
추가,202003,LB3590,엘투케이,"경기도 화성시 은행나무로 531-41, 1동",경기도 화성시,"은행나무로 531-41, 1동"
추가,202003,LB8557,명랑핫도그동탄시범단지점,"경기도 화성시 동탄대로시범길 148-14, 1동 102호",경기도 화성시,"동탄대로시범길 148-14, 1동 102호"
추가,202003,Q16743,닥터스마일치과의원,"경기도 화성시 10용사로 349-3, 403호",경기도 화성시,"10용사로 349-3, 403호"
추가,202003,JM6857,(주)오에이,"경기도 화성시 전원길 27-3,",경기도 화성시,"전원길 27-3,"
추가,202003,JN4472,나노펠즈(주),"경기도 화성시 동탄대로 635, 1동 304호",경기도 화성시,"동탄대로 635, 1동 304호"
추가,202003,JW7095,(주)커널,"경기도 화성시 주석로778번길 136,",경기도 화성시,"주석로778번길 136,"
추가,202003,JX3889,(주)천풍,"경기도 화성시 동탄감배산로 19, 1614동 1202호",경기도 화성시,"동탄감배산로 19, 1614동 1202호"
추가,202003,LA0509,피노이마트,"경기도 화성시 신백길 162,",경기도 화성시,"신백길 162,"
추가,202003,LA1393,더블유피시,"경기도 화성시 반월길12번길 14,",경기도 화성시,"반월길12번길 14,"
추가,202003,W73560,부동산임대,"경기도 화성시 메타폴리스로 53, 스타프라자 1 113호",경기도 화성시,"메타폴리스로 53, 스타프라자 1 113호"
추가,202003,JS2059,화우디앤씨(주),"경기도 화성시 동탄첨단산업1로 14, 401호  동탄케이티엑스밸리",경기도 화성시,"동탄첨단산업1로 14, 401호  동탄케이티엑스밸리"
추가,202003,LA3858,서원테크,"경기도 화성시 백토관리길 113-84,",경기도 화성시,"백토관리길 113-84,"
추가,202003,LB1969,케이딜리버리택배,"경기도 화성시 동탄원천로 354-11, A동 229호",경기도 화성시,"동탄원천로 354-11, A동 229호"
추가,202003,IP0472,(주)새한트레이,"경기도 화성시 석포로 236-56, 1층",경기도 화성시,"석포로 236-56, 1층"
추가,202003,JG4750,(주)가람기술,"경기도 화성시 백토관리길 93,",경기도 화성시,"백토관리길 93,"
추가,202003,LA6764,롯데리아동탄CGV점,"경기도 화성시 동탄대로 537, 1층  1095호",경기도 화성시,"동탄대로 537, 1층  1095호"
추가,202003,LA7439,우림북부지사,"경기도 화성시 마당바위로 95-5, 203호",경기도 화성시,"마당바위로 95-5, 203호"
추가,202003,LA8610,명진산업,"경기도 화성시 화성로 997-23,",경기도 화성시,"화성로 997-23,"
추가,202003,LB8725,금성냉열,"경기도 화성시 서해로 1379-18,",경기도 화성시,"서해로 1379-18,"
추가,202003,R60195,이브로렐USA,"경기도 화성시 여의동길 89,",경기도 화성시,"여의동길 89,"
추가,202003,LA3734,다우테크,"경기도 화성시 청원산단4길 101,",경기도 화성시,"청원산단4길 101,"
추가,202003,LB1335,티와이산업,"경기도 화성시 사격장길 88-16,",경기도 화성시,"사격장길 88-16,"
추가,202003,LB7669,현진하이텍,"경기도 화성시 문학로30번길 2,",경기도 화성시,"문학로30번길 2,"
추가,202003,LB8459,리코키친,"경기도 화성시 노작로3길 29, 103호",경기도 화성시,"노작로3길 29, 103호"
추가,202003,LB8641,에스피,"경기도 화성시 정문송산로 252,",경기도 화성시,"정문송산로 252,"
추가,202003,JX5522,인텔리맥스(주),"경기도 화성시 동탄대로 635, 704호  자호",경기도 화성시,"동탄대로 635, 704호  자호"
추가,202003,LA3725,한빛와이어컷팅,"경기도 화성시 서봉로 724-21, 다동",경기도 화성시,"서봉로 724-21, 다동"
추가,202003,LA3759,엠에스동탄대박통신,"경기도 화성시 동탄순환대로 127-5, 1층  117호",경기도 화성시,"동탄순환대로 127-5, 1층  117호"
추가,202003,LB2184,다온디자인,"경기도 화성시 노작로1길 13, 1동 동102 103호",경기도 화성시,"노작로1길 13, 1동 동102 103호"
추가,202003,LB3118,탑키즈유아체육,"경기도 화성시 와우로34번길 30, 115동 1501호",경기도 화성시,"와우로34번길 30, 115동 1501호"
추가,202003,LB3514,브랜딩라이즈,"경기도 화성시 동탄대로 643, 8층  815호",경기도 화성시,"동탄대로 643, 8층  815호"
추가,202003,LB4757,희망찬,"경기도 화성시 안녕남로 16-19, 104동 동6층  602호",경기도 화성시,"안녕남로 16-19, 104동 동6층  602호"
추가,202003,P21521,메인폴리머,"경기도 화성시 쌍봉로449번길 89, 가  나 다동",경기도 화성시,"쌍봉로449번길 89, 가  나 다동"
추가,202003,LA0579,옹백이보쌈족발,"경기도 화성시 샘마을1길 15,",경기도 화성시,"샘마을1길 15,"
추가,202003,LB4498,종가집한식부페,"경기도 화성시 서봉로 903-12, 2층",경기도 화성시,"서봉로 903-12, 2층"
추가,202003,LB6622,에이치앤씨,"경기도 화성시 기배로 75,",경기도 화성시,"기배로 75,"
추가,202003,JH9791,(주)알프스,"경기도 화성시 동탄산단7길 98-31, 3층",경기도 화성시,"동탄산단7길 98-31, 3층"
추가,202003,JW5210,(주)제이에스씨코퍼레이션,"경기도 화성시 초록로166번길 19, 바동",경기도 화성시,"초록로166번길 19, 바동"
추가,202003,JZ9322,봉담내리지구도시개발사업조합,"경기도 화성시 삼봉안길 16,",경기도 화성시,"삼봉안길 16,"
추가,202003,IS7175,(주)옥수테크,"경기도 화성시 돌서지길 133,",경기도 화성시,"돌서지길 133,"
추가,202003,LA1738,제이오그린,"경기도 화성시 마당바위로 123, A동 1층",경기도 화성시,"마당바위로 123, A동 1층"
추가,202003,LA8546,커버그라운드,"경기도 화성시 동탄순환대로 830, 20층  33호",경기도 화성시,"동탄순환대로 830, 20층  33호"
추가,202003,LA9474,선명기전,"경기도 화성시 화성로2397번길 27-2, 105동 B01호",경기도 화성시,"화성로2397번길 27-2, 105동 B01호"
추가,202003,R52107,덕원빌딩,"경기도 화성시 병점4로 58,",경기도 화성시,"병점4로 58,"
추가,202003,HK1733,(주)세미데이,"경기도 화성시 동탄순환대로 878, 907호",경기도 화성시,"동탄순환대로 878, 907호"
추가,202003,IZ6914,(주)씨엔엘코퍼레이션,"경기도 화성시 발안로474번길 19-18,",경기도 화성시,"발안로474번길 19-18,"
추가,202003,LA2185,선진두로기떼돈,"경기도 화성시 동탄순환대로 823, 지하2층  201호",경기도 화성시,"동탄순환대로 823, 지하2층  201호"
추가,202003,LA9693,비주거용건물임대업부동산업및임대업,"경기도 화성시 삼성1로5길 6, 원희캐슬동탄 701호 ~718호",경기도 화성시,"삼성1로5길 6, 원희캐슬동탄 701호 ~718호"
추가,202003,LB2456,제이에스무역,"경기도 화성시 동탄대로 646-4, B동 4층  403호",경기도 화성시,"동탄대로 646-4, B동 4층  403호"
변경,202003,CZ8160,선ENG,"경기도 화성시 무하로110번길 85-51,",경기도 화성시,"무하로110번길 85-51,"
변경,202003,HR6608,(주)해오름에프앤비,"경기도 화성시 노작로 175, 108호",경기도 화성시,"노작로 175, 108호"
변경,202003,I79434,홍익아이씨티(주),"경기도 화성시 동탄순환대로 823, 1213호",경기도 화성시,"동탄순환대로 823, 1213호"
변경,202003,JL6813,한국발달장애인복지사회적협동조합,"경기도 화성시 병점3로 24, 206-1호",경기도 화성시,"병점3로 24, 206-1호"
변경,202003,578350,진명산업,"경기도 화성시 신남로 370-8, 1동 3호 동 4동",경기도 화성시,"신남로 370-8, 1동 3호 동 4동"
변경,202003,BN1276,메탈프렌즈,"경기도 화성시 은행나무로 499,",경기도 화성시,"은행나무로 499,"
변경,202003,HN4179,(주)창인시스템,"경기도 화성시 버들로 1031-31,",경기도 화성시,"버들로 1031-31,"
변경,202003,IO6171,디에스이엔지,"경기도 화성시 서해로1313번길 56-30,",경기도 화성시,"서해로1313번길 56-30,"
변경,202003,J22465,백미리자율관리공동체영어조합법인,"경기도 화성시 백미길 210-6,",경기도 화성시,"백미길 210-6,"
변경,202003,JH1597,(주)송도테크,"경기도 화성시 동탄산단5길 48,",경기도 화성시,"동탄산단5길 48,"
변경,202003,L40211,(주)케이씨티메탈,"경기도 화성시 해운로630번길 88-7,",경기도 화성시,"해운로630번길 88-7,"
변경,202003,L50533,(주)창우엔지니어링,"경기도 화성시 정문송산로 156-4, 2동",경기도 화성시,"정문송산로 156-4, 2동"
변경,202003,133892,한국디비케이(주),"경기도 화성시 노하길 383,",경기도 화성시,"노하길 383,"
변경,202003,726728,나라산업,"경기도 화성시 은행나무로 105,",경기도 화성시,"은행나무로 105,"
변경,202003,HK4163,(주)금강호이스트앤리프트,"경기도 화성시 화성로1616번길 57-6,",경기도 화성시,"화성로1616번길 57-6,"
변경,202003,I78934,(주)가람테크윈,"경기도 화성시 안념길 180-45, C동",경기도 화성시,"안념길 180-45, C동"
변경,202003,IV0207,(주)채울종합건설,"경기도 화성시 꽃내음1길 19-26, 704호",경기도 화성시,"꽃내음1길 19-26, 704호"
변경,202003,JA0513,(주)자이언스틸,"경기도 화성시 청원산단1길 26,",경기도 화성시,"청원산단1길 26,"
변경,202003,JF6086,(주)선텍,"경기도 화성시 주석로1016번길 9-3, 1동 동1층",경기도 화성시,"주석로1016번길 9-3, 1동 동1층"
변경,202003,L82154,(주)디에스앤디,"경기도 화성시 고주동방길 16-32, A동",경기도 화성시,"고주동방길 16-32, A동"
변경,202003,M21628,(주)미성이엔지,"경기도 화성시 동탄반석로 231, 151동 1902호",경기도 화성시,"동탄반석로 231, 151동 1902호"
변경,202003,M33702,(주)신성라이팅,"경기도 화성시 효행로 1060, 이타운 4 10층  1004호  에이019",경기도 화성시,"효행로 1060, 이타운 4 10층  1004호  에이019"
변경,202003,G96772,(주)퍼스트엔지니어링,"경기도 화성시 해운로742번길 29, A동",경기도 화성시,"해운로742번길 29, A동"
변경,202003,HT9263,(주)동양히트보일러,"경기도 화성시 쌍송길119번길 121-1,",경기도 화성시,"쌍송길119번길 121-1,"
변경,202003,IN7168,(주)신광이엔지,"경기도 화성시 삼수문길 69-80,",경기도 화성시,"삼수문길 69-80,"
변경,202003,IS5357,(주)아이엠케이,"경기도 화성시 동오4길 9-49,",경기도 화성시,"동오4길 9-49,"
변경,202003,Y66461,삼원변압기,"경기도 화성시 31만세로 738,",경기도 화성시,"31만세로 738,"
변경,202003,G77864,(주)대일아트,"경기도 화성시 푸른들판로 416-61,",경기도 화성시,"푸른들판로 416-61,"
변경,202003,HM5799,(주)캠퍼박스,"경기도 화성시 금곡로163번길 63-44,",경기도 화성시,"금곡로163번길 63-44,"
변경,202003,HN6241,(주)시몽,"경기도 화성시 매송고색로 462, 2층",경기도 화성시,"매송고색로 462, 2층"
변경,202003,I06970,(주)원에코로직스,"경기도 화성시 매바위로237번길 86-2,",경기도 화성시,"매바위로237번길 86-2,"
변경,202003,I36732,(주)지산이앤씨,"경기도 화성시 기배로 79, 5층  501호",경기도 화성시,"기배로 79, 5층  501호"
변경,202003,IV0823,대일관리시스템(주),"경기도 화성시 동탄대로시범길 257, 402호",경기도 화성시,"동탄대로시범길 257, 402호"
변경,202003,J51467,시스템엔지니어링코리아(주),"경기도 화성시 동탄대로 635, 12층  1205호",경기도 화성시,"동탄대로 635, 12층  1205호"
변경,202003,J76180,(주)한국미디어,"경기도 화성시 황계길131번길 8-3, 외  1호 필지",경기도 화성시,"황계길131번길 8-3, 외  1호 필지"
변경,202003,JM1118,에이원머티리얼즈(주),"경기도 화성시 토성로 362-29,",경기도 화성시,"토성로 362-29,"
변경,202003,M38675,(주)서연에스와이엔,"경기도 화성시 시청로 1055-19,",경기도 화성시,"시청로 1055-19,"
변경,202003,169688,(주)이화항공여행사,"경기도 화성시 띨뿌리길 56,",경기도 화성시,"띨뿌리길 56,"
변경,202003,A07053,신화건축사사무소,"경기도 화성시 병점3로 24, 402호",경기도 화성시,"병점3로 24, 402호"
변경,202003,E66839,(주)온유비,"경기도 화성시 동탄산단9길 23-6,",경기도 화성시,"동탄산단9길 23-6,"
변경,202003,G11071,(재)송호지학장학재단,"경기도 화성시 남양시장로105번길 5, 401호",경기도 화성시,"남양시장로105번길 5, 401호"
변경,202003,H05612,동원씨디에프(주),"경기도 화성시 남양로 352-20,",경기도 화성시,"남양로 352-20,"
변경,202003,H43406,(주)건축사사무소해담,"경기도 화성시 병점로 8, A동 3층",경기도 화성시,"병점로 8, A동 3층"
변경,202003,I26392,(주)대문타일,"경기도 화성시 덕영대로1376번길 13, 1층",경기도 화성시,"덕영대로1376번길 13, 1층"
변경,202003,I32280,제코산업(주),"경기도 화성시 버들로 940-4,",경기도 화성시,"버들로 940-4,"
변경,202003,I32395,(주)케이씨켐,"경기도 화성시 포승장안로 1470,",경기도 화성시,"포승장안로 1470,"
변경,202003,I70766,(주)효성장묘개발,"경기도 화성시 샘마을길 62, B1호",경기도 화성시,"샘마을길 62, B1호"
변경,202003,I96296,디앤에이(주),"경기도 화성시 동부대로 788,",경기도 화성시,"동부대로 788,"
변경,202003,IQ8519,(주)퍼스트,"경기도 화성시 동산재길 35-15,",경기도 화성시,"동산재길 35-15,"
변경,202003,IS8716,(주)크린하이,"경기도 화성시 현대연구소로 165-21,",경기도 화성시,"현대연구소로 165-21,"
변경,202003,J23022,이보영의토킹클럽병점어학원,"경기도 화성시 효행로 1069, 메디피아  603 604호",경기도 화성시,"효행로 1069, 메디피아  603 604호"
변경,202003,JJ9534,(주)지아이엔지니어링,"경기도 화성시 주석로 428-9,",경기도 화성시,"주석로 428-9,"
변경,202003,L41076,(주)타라엘시디,"경기도 화성시 금곡로 195-45,",경기도 화성시,"금곡로 195-45,"
변경,202003,T31707,수원여자대학교산학협력단,"경기도 화성시 주석로 1098,",경기도 화성시,"주석로 1098,"
변경,202003,900905,파라테크놀로지,"경기도 화성시 살띄길 62,",경기도 화성시,"살띄길 62,"
변경,202003,E66435,(주)다음카본,"경기도 화성시 현대연구소로 165-21,",경기도 화성시,"현대연구소로 165-21,"
변경,202003,F32208,(주)북로드,"경기도 화성시 동탄기흥로 590, B동 1210호",경기도 화성시,"동탄기흥로 590, B동 1210호"
변경,202003,G41694,(사)나눔터,"경기도 화성시 효행로 773-7, 1층  103호",경기도 화성시,"효행로 773-7, 1층  103호"
변경,202003,H22349,아쿠아앤피플(주),"경기도 화성시 동탄순환대로 823, 1626호",경기도 화성시,"동탄순환대로 823, 1626호"
변경,202003,I95631,(주)대경컨설턴트,"경기도 화성시 동탄대로 683, 2 928호",경기도 화성시,"동탄대로 683, 2 928호"
변경,202003,IX9390,위즈코리아,"경기도 화성시 효행로265번길 16, 4층",경기도 화성시,"효행로265번길 16, 4층"
변경,202003,J26556,(주)더블유건설,"경기도 화성시 동탄순환대로 830, 1111호 1112호 1113호",경기도 화성시,"동탄순환대로 830, 1111호 1112호 1113호"
변경,202003,J94057,(주)거평프린텍,"경기도 화성시 반정로204번길 59,",경기도 화성시,"반정로204번길 59,"
변경,202003,JS9070,새안PLT,"경기도 화성시 장안로 516-52,",경기도 화성시,"장안로 516-52,"
변경,202003,L90204,에스에이치플랙스(주),"경기도 화성시 해운로 448,",경기도 화성시,"해운로 448,"
변경,202003,T43581,(주)그린바텀,"경기도 화성시 무봉길 225-7,",경기도 화성시,"무봉길 225-7,"
변경,202003,368513,삼백정밀,"경기도 화성시 동오4길 66-3, 9동 -14 8-3호  제 나동호",경기도 화성시,"동오4길 66-3, 9동 -14 8-3호  제 나동호"
변경,202003,548333,동국정밀,"경기도 화성시 푸른들판로 942-28,",경기도 화성시,"푸른들판로 942-28,"
변경,202003,CR5340,(주)티엔지컴퍼니,"경기도 화성시 동탄대로 643, 808호",경기도 화성시,"동탄대로 643, 808호"
변경,202003,F81429,(주)토패즈,"경기도 화성시 동탄기흥로 602, 1301호",경기도 화성시,"동탄기흥로 602, 1301호"
변경,202003,G68875,한아테크(주),"경기도 화성시 수촌길 68-30,",경기도 화성시,"수촌길 68-30,"
변경,202003,H68285,(주)정우피앤피,"경기도 화성시 해운로742번길 22-18,",경기도 화성시,"해운로742번길 22-18,"
변경,202003,HS0280,(주)이담씨엔씨,"경기도 화성시 동탄기흥로257번가길 30-12, 1층",경기도 화성시,"동탄기흥로257번가길 30-12, 1층"
변경,202003,HU4305,엔진테크윈(주),"경기도 화성시 현대기아로 668-7,",경기도 화성시,"현대기아로 668-7,"
변경,202003,IM3560,(주)씨엘컴퍼니,"경기도 화성시 동탄대로 635, 705-1호",경기도 화성시,"동탄대로 635, 705-1호"
변경,202003,IM5634,코닉프리시젼(주),"경기도 화성시 정문송산로 206-17,",경기도 화성시,"정문송산로 206-17,"
변경,202003,IY3520,(주)엔에스엘,"경기도 화성시 상신하길로298번길 7-23, 케이티씨네 마2 606호",경기도 화성시,"상신하길로298번길 7-23, 케이티씨네 마2 606호"
변경,202003,JE3396,(주)제이코어,"경기도 화성시 효행로1265번길 75, 나동",경기도 화성시,"효행로1265번길 75, 나동"
변경,202003,M03288,(주)성진산업포장,"경기도 화성시 가장로 360-21,",경기도 화성시,"가장로 360-21,"
변경,202003,P98608,재다,"경기도 화성시 금복길 53,",경기도 화성시,"금복길 53,"
변경,202003,Q45960,퓨전이엔지,"경기도 화성시 괘랑6길 11-29, 1필지 제 3호  1층",경기도 화성시,"괘랑6길 11-29, 1필지 제 3호  1층"
변경,202003,134213,세미산업(주),"경기도 화성시 포승장안로 1094,",경기도 화성시,"포승장안로 1094,"
변경,202003,578883,거대테크,"경기도 화성시 안념길 189-13,",경기도 화성시,"안념길 189-13,"
변경,202003,HI9918,(주)외연칼라팩,"경기도 화성시 마도로 849-16, 2층",경기도 화성시,"마도로 849-16, 2층"
변경,202003,HU6459,(주)브로젠,"경기도 화성시 동탄첨단산업1로 63-12, 507호",경기도 화성시,"동탄첨단산업1로 63-12, 507호"
변경,202003,JF2078,신현대특장(주),"경기도 화성시 서해로 1379-6,",경기도 화성시,"서해로 1379-6,"
변경,202003,JU2865,(주)케이피트레이딩,"경기도 화성시 초록로 572-54, 5호  6동",경기도 화성시,"초록로 572-54, 5호  6동"
변경,202003,163696,(주)정건,"경기도 화성시 기배로 79,",경기도 화성시,"기배로 79,"
변경,202003,544982,중앙케미칼(주),"경기도 화성시 돌서지길 96-43,",경기도 화성시,"돌서지길 96-43,"
변경,202003,G30270,(주)트래블엔에스,"경기도 화성시 와우안길 109, 108동 216호",경기도 화성시,"와우안길 109, 108동 216호"
변경,202003,HR1000,(주)아우름,"경기도 화성시 내향로 250-7,",경기도 화성시,"내향로 250-7,"
변경,202003,I59941,(주)동양특수,"경기도 화성시 주석로 404,",경기도 화성시,"주석로 404,"
변경,202003,IV0843,셋업디앤에스(주),"경기도 화성시 동탄대로 646-2, 102-1호",경기도 화성시,"동탄대로 646-2, 102-1호"
변경,202003,IV2758,기현산업(주),"경기도 화성시 만년로 236-39,",경기도 화성시,"만년로 236-39,"
변경,202003,J27735,(주)푸른솔,"경기도 화성시 동탄대로 551-16, B동 1901호",경기도 화성시,"동탄대로 551-16, B동 1901호"
변경,202003,JB5111,(주)팬모아,"경기도 화성시 마곡동길 170,",경기도 화성시,"마곡동길 170,"
변경,202003,L37380,켐트리(주),"경기도 화성시 황계길 34,",경기도 화성시,"황계길 34,"
변경,202003,FN7046,(주)텝스,"경기도 화성시 동탄공원로1길 26-43, 1층",경기도 화성시,"동탄공원로1길 26-43, 1층"
변경,202003,G06257,(주)루시코리아,"경기도 화성시 안념길150번길 46-20,",경기도 화성시,"안념길150번길 46-20,"
변경,202003,I94540,(주)아이엔솔루션,"경기도 화성시 배양길 29-14,",경기도 화성시,"배양길 29-14,"
변경,202003,L63803,(주)나사,"경기도 화성시 경기대로1046번길 5, 106호 호 106호",경기도 화성시,"경기대로1046번길 5, 106호 호 106호"
변경,202003,O96619,K.O.F,"경기도 화성시 송말길 10-66,",경기도 화성시,"송말길 10-66,"
변경,202003,Q38181,하나테크,"경기도 화성시 서동탄로 12-5,",경기도 화성시,"서동탄로 12-5,"
변경,202003,T31283,칠칠공사,"경기도 화성시 와우안길 109, 105동 109호",경기도 화성시,"와우안길 109, 105동 109호"
변경,202003,243193,(주)에이스테크,"경기도 화성시 정문송산로 206-18,",경기도 화성시,"정문송산로 206-18,"
변경,202003,761674,천호산업(주),"경기도 화성시 마도로 574-102,",경기도 화성시,"마도로 574-102,"
변경,202003,DB5532,케이엠테크,"경기도 화성시 초록로 497-47,",경기도 화성시,"초록로 497-47,"
변경,202003,E66662,(주)홍우포장시스템,"경기도 화성시 만년로98번길 37,",경기도 화성시,"만년로98번길 37,"
변경,202003,GJ2021,엘티,"경기도 화성시 현대기아로556번길 112-23,",경기도 화성시,"현대기아로556번길 112-23,"
변경,202003,HK8096,주은에스에스(주),"경기도 화성시 마당바위로31번길 13,",경기도 화성시,"마당바위로31번길 13,"
변경,202003,IR3298,모어텍(주),"경기도 화성시 해운로458번길 60-4,",경기도 화성시,"해운로458번길 60-4,"
변경,202003,IX2015,팩트리(주),"경기도 화성시 발안로 453-25, A동",경기도 화성시,"발안로 453-25, A동"
변경,202003,CC1153,(주)신안하이테크,"경기도 화성시 역골동로 9-16,",경기도 화성시,"역골동로 9-16,"
변경,202003,E65206,주신건기(주),"경기도 화성시 밤뒤길 114-21, 2층  일부",경기도 화성시,"밤뒤길 114-21, 2층  일부"
변경,202003,FQ4757,그린푸드,"경기도 화성시 초록로 203-11,",경기도 화성시,"초록로 203-11,"
변경,202003,H53475,(주)마이콜트럭,"경기도 화성시 동탄대로 643, 603호",경기도 화성시,"동탄대로 643, 603호"
변경,202003,HJ4207,(주)대흥이티에스,"경기도 화성시 동오1길 161-4,",경기도 화성시,"동오1길 161-4,"
변경,202003,HQ2362,(주)더블유제이산업,"경기도 화성시 동탄기흥로 590, B동 319호",경기도 화성시,"동탄기흥로 590, B동 319호"
변경,202003,HQ6018,(주)제이엠특장자동차,"경기도 화성시 장안로227번길 134-15,",경기도 화성시,"장안로227번길 134-15,"
변경,202003,IV7295,(주)연성테크,"경기도 화성시 무봉길 212-10,",경기도 화성시,"무봉길 212-10,"
변경,202003,IW5502,(주)뉴에이스,"경기도 화성시 정문송산로 256-15,",경기도 화성시,"정문송산로 256-15,"
변경,202003,IZ5818,왕도테크,"경기도 화성시 발산3길 24,",경기도 화성시,"발산3길 24,"
변경,202003,J63828,(주)메탈히터,"경기도 화성시 효행로 1318-25, 2층",경기도 화성시,"효행로 1318-25, 2층"
변경,202003,JB9502,(주)랜드지동탄피에프브이,"경기도 화성시 동탄대로21길 10, 164호",경기도 화성시,"동탄대로21길 10, 164호"
변경,202003,M31770,(주)비지테크놀러지,"경기도 화성시 서봉로 418-7,",경기도 화성시,"서봉로 418-7,"
변경,202003,467358,(주)씨엔이,"경기도 화성시 전곡산단15길 8,",경기도 화성시,"전곡산단15길 8,"
변경,202003,548317,경동산업,"경기도 화성시 문두골길 50,",경기도 화성시,"문두골길 50,"
변경,202003,C74605,제이티이씨(주),"경기도 화성시 주석로175번길 27-6,",경기도 화성시,"주석로175번길 27-6,"
변경,202003,CC5830,(주)혜림건축사사무소,"경기도 화성시 동탄대로 636-3, C동 701호",경기도 화성시,"동탄대로 636-3, C동 701호"
변경,202003,G72183,(주)팀즈,"경기도 화성시 동탄산단4길 9-30,",경기도 화성시,"동탄산단4길 9-30,"
변경,202003,H82414,더블유아이씨(주),"경기도 화성시 율암길95번길 26-9,",경기도 화성시,"율암길95번길 26-9,"
변경,202003,HR0853,(주)아보텍,"경기도 화성시 토성로 256,",경기도 화성시,"토성로 256,"
변경,202003,HU5198,(주)허니키니,"경기도 화성시 버들로191번길 71-25,",경기도 화성시,"버들로191번길 71-25,"
변경,202003,I41612,(주)우리제지,"경기도 화성시 보통내길 82-13, 82동 15호",경기도 화성시,"보통내길 82-13, 82동 15호"
변경,202003,IN2521,(주)한양엘리베이터,"경기도 화성시 매바위로237번길 46-273,",경기도 화성시,"매바위로237번길 46-273,"
변경,202003,IO4985,(주)원정이엔지,"경기도 화성시 반정로150번길 13,",경기도 화성시,"반정로150번길 13,"
변경,202003,IU1444,두진텍,"경기도 화성시 문학로30번길 15,",경기도 화성시,"문학로30번길 15,"
변경,202003,IV0707,서경물류(주),"경기도 화성시 동탄대로 635, 1동 1317호",경기도 화성시,"동탄대로 635, 1동 1317호"
변경,202003,L48960,(주)에코유,"경기도 화성시 주석로778번길 67, 나동",경기도 화성시,"주석로778번길 67, 나동"
변경,202003,377403,치원건설(주),"경기도 화성시 안녕길 21-4, 2층",경기도 화성시,"안녕길 21-4, 2층"
변경,202003,994717,이건STUD,"경기도 화성시 전곡산단8가길 8,",경기도 화성시,"전곡산단8가길 8,"
변경,202003,F01555,한울컨설턴트(주),"경기도 화성시 버들로191번길 71-15,",경기도 화성시,"버들로191번길 71-15,"
변경,202003,HK0482,(주)태광산업개발,"경기도 화성시 기산로 3, 1층",경기도 화성시,"기산로 3, 1층"
변경,202003,I08870,(주)광진에프에이엔지니어링,"경기도 화성시 서봉로 558-12,",경기도 화성시,"서봉로 558-12,"
변경,202003,IY5349,참좋은사람들,"경기도 화성시 병점2로 22, 103호",경기도 화성시,"병점2로 22, 103호"
변경,202003,J16710,(주)에이알텍,"경기도 화성시 귓골2길 20,",경기도 화성시,"귓골2길 20,"
변경,202003,JB5103,(주)케이티이엔지,"경기도 화성시 화남공단로 22,",경기도 화성시,"화남공단로 22,"
변경,202003,L55617,(주)보리원,"경기도 화성시 경기대로 990, 화성병점에스케이뷰 105동 121호",경기도 화성시,"경기대로 990, 화성병점에스케이뷰 105동 121호"
변경,202003,L67674,(주)에스엘이노베이션,"경기도 화성시 동탄기흥로 614, 615호",경기도 화성시,"동탄기흥로 614, 615호"
변경,202003,83079,디지털에어시스템(주),"경기도 화성시 동탄하나1길 47-3, 7층  701호",경기도 화성시,"동탄하나1길 47-3, 7층  701호"
추가,202003,LA2231,참기름공작소-기름짜는선생,"경상남도 김해시 한림로398번길 11,",경상남도 김해시,"한림로398번길 11,"
추가,202003,LB4481,에스콰이어제화,"경상남도 김해시 김해대로 2232, 1층",경상남도 김해시,"김해대로 2232, 1층"
추가,202003,LB3330,큰마루태권도교육관,"경상남도 김해시 능동로 31, 5층  501호",경상남도 김해시,"능동로 31, 5층  501호"
추가,202003,LB3440,롯데리아롯데마트장유점,"경상남도 김해시 번화1로56번길 15, 1층",경상남도 김해시,"번화1로56번길 15, 1층"
추가,202003,R81778,돼장군,"경상남도 김해시 인제로188번길 12,",경상남도 김해시,"인제로188번길 12,"
추가,202003,LA9365,리더스어학원,"경상남도 김해시 내외중앙로 89, 3층  302호",경상남도 김해시,"내외중앙로 89, 3층  302호"
추가,202003,IR1247,설창축산,"경상남도 김해시 가야로521번길 5-14,",경상남도 김해시,"가야로521번길 5-14,"
추가,202003,LB4609,힙스600,"경상남도 김해시 해반천로144번길 13-7,",경상남도 김해시,"해반천로144번길 13-7,"
추가,202003,LA5636,마루루,"경상남도 김해시 장유로 173, 302호",경상남도 김해시,"장유로 173, 302호"
추가,202003,LA6085,디에이치시스템,"경상남도 김해시 인제로 197, B동 4층  403호",경상남도 김해시,"인제로 197, B동 4층  403호"
추가,202003,JO8925,(주)사람과공기,"경상남도 김해시 구산로5번길 11-15, 101호",경상남도 김해시,"구산로5번길 11-15, 101호"
추가,202003,LA2758,와이앤에스,"경상남도 김해시 본산2로79번길 24,",경상남도 김해시,"본산2로79번길 24,"
추가,202003,LA3789,뉴리더스부동산공인중개사사무소,"경상남도 김해시 금관대로1180번길 23-10,",경상남도 김해시,"금관대로1180번길 23-10,"
추가,202003,JY7005,(주)더나은행복,"경상남도 김해시 분성로 441, 4층",경상남도 김해시,"분성로 441, 4층"
추가,202003,LA3777,프리스토리지,"경상남도 김해시 김해대로2324번길 54-27, 103동 2203호",경상남도 김해시,"김해대로2324번길 54-27, 103동 2203호"
추가,202003,LB4431,원에코푸드,"경상남도 김해시 본산1로 43, 1층",경상남도 김해시,"본산1로 43, 1층"
추가,202003,LB5884,디자인한그루,"경상남도 김해시 인제로 196, 602호",경상남도 김해시,"인제로 196, 602호"
추가,202003,JK2910,(주)무진테크,"경상남도 김해시 테크노밸리1로93번길 36-12,",경상남도 김해시,"테크노밸리1로93번길 36-12,"
추가,202003,LA0339,조이성형외과의원,"경상남도 김해시 내외중앙로 57, 2층  203호",경상남도 김해시,"내외중앙로 57, 2층  203호"
추가,202003,LB0455,케이뷰티앤아카데미,"경상남도 김해시 인제로200번길 19, 2층",경상남도 김해시,"인제로200번길 19, 2층"
추가,202003,DW0658,쌍용자동차김해서비스프라자,"경상남도 김해시 금관대로 1360,",경상남도 김해시,"금관대로 1360,"
추가,202003,LB0564,현인태권도장,"경상남도 김해시 내외로95번길 21, 3층",경상남도 김해시,"내외로95번길 21, 3층"
추가,202003,LA2902,누리창호,"경상남도 김해시 분성로 572,",경상남도 김해시,"분성로 572,"
추가,202003,LA9559,경남델코,"경상남도 김해시 전하로 192,",경상남도 김해시,"전하로 192,"
추가,202003,JN1122,(주)우리소리예술단,"경상남도 김해시 구지로180번길 31-9, 김해시장  내 7비공구 11호",경상남도 김해시,"구지로180번길 31-9, 김해시장  내 7비공구 11호"
추가,202003,LA2793,대한테크,"경상남도 김해시 고모로526번길 85,",경상남도 김해시,"고모로526번길 85,"
추가,202003,LB1347,조인단조,"경상남도 김해시 동북로 887-19,",경상남도 김해시,"동북로 887-19,"
추가,202003,LB1436,이마트24김해주촌점,"경상남도 김해시 주선로 154,",경상남도 김해시,"주선로 154,"
추가,202003,LB5848,스마일디지털키,"경상남도 김해시 진례로 239,",경상남도 김해시,"진례로 239,"
추가,202003,JS6184,(주)경부,"경상남도 김해시 능동로155번길 10-15, 208호",경상남도 김해시,"능동로155번길 10-15, 208호"
추가,202003,LB6691,폰싸다구,"경상남도 김해시 율하2로236번길 9, 102호",경상남도 김해시,"율하2로236번길 9, 102호"
추가,202003,P79081,남도테크,"경상남도 김해시 서부로1638번길 94-30,",경상남도 김해시,"서부로1638번길 94-30,"
추가,202003,R97003,영승,"경상남도 김해시 서부로1541번길 164-17,",경상남도 김해시,"서부로1541번길 164-17,"
추가,202003,LA2743,최강스포츠샵,"경상남도 김해시 삼계로 35, 310동 202호",경상남도 김해시,"삼계로 35, 310동 202호"
추가,202003,R01719,아이비이비인후과의원,"경상남도 김해시 내외중앙로 88,",경상남도 김해시,"내외중앙로 88,"
추가,202003,HO5440,대륙하이테크(주),"경상남도 김해시 가동로 25-23,",경상남도 김해시,"가동로 25-23,"
추가,202003,JS4199,(주)동영기술산업,"경상남도 김해시 상동로375번길 80-22, B동 2층",경상남도 김해시,"상동로375번길 80-22, B동 2층"
추가,202003,JU2216,(주)제이푸드,"경상남도 김해시 분성로 170, 5층",경상남도 김해시,"분성로 170, 5층"
추가,202003,LA4786,HS테크,"경상남도 김해시 김해대로2694번길 4,",경상남도 김해시,"김해대로2694번길 4,"
추가,202003,LA8585,진영기획광고,"경상남도 김해시 여래로20번길 34-1,",경상남도 김해시,"여래로20번길 34-1,"
추가,202003,JP1889,태경메탈(주),"경상남도 김해시 가동로 62-58,",경상남도 김해시,"가동로 62-58,"
추가,202003,JW2983,(주)삼오테크윈,"경상남도 김해시 서부로860번길 18,",경상남도 김해시,"서부로860번길 18,"
추가,202003,LA4570,경남간호학원,"경상남도 김해시 분성로 295, 2층",경상남도 김해시,"분성로 295, 2층"
추가,202003,P30743,율하열린약국,"경상남도 김해시 율하1로 110, 105호",경상남도 김해시,"율하1로 110, 105호"
추가,202003,CT7391,가람디자인(간판.현수막),"경상남도 김해시 활천로 60,",경상남도 김해시,"활천로 60,"
추가,202003,FE8591,우림,"경상남도 김해시 해반천로130번길 39, 1411호",경상남도 김해시,"해반천로130번길 39, 1411호"
추가,202003,LA0549,모도리식당,"경상남도 김해시 경원로73번길 15, 1층  106호",경상남도 김해시,"경원로73번길 15, 1층  106호"
추가,202003,LA4733,세우ENG,"경상남도 김해시 김해대로2553번길 23,",경상남도 김해시,"김해대로2553번길 23,"
추가,202003,LA7402,월홍갈비삼계점,"경상남도 김해시 해반천로168번길 18-18,",경상남도 김해시,"해반천로168번길 18-18,"
추가,202003,LA9680,태종산업,"경상남도 김해시 상동로 831-193,",경상남도 김해시,"상동로 831-193,"
추가,202003,LB4560,루이어패럴,"경상남도 김해시 번화1로 168, 1005동 502호",경상남도 김해시,"번화1로 168, 1005동 502호"
추가,202003,CT6187,가온레이저,"경상남도 김해시 김해대로927번길 64,",경상남도 김해시,"김해대로927번길 64,"
추가,202003,II5576,다모아팩,"경상남도 김해시 한림로909번길 32-1,",경상남도 김해시,"한림로909번길 32-1,"
추가,202003,LA8373,까사260,"경상남도 김해시 김해대로 1519,",경상남도 김해시,"김해대로 1519,"
추가,202003,LB3174,커피베이서김해점,"경상남도 김해시 금관대로 1069, 1층",경상남도 김해시,"금관대로 1069, 1층"
추가,202003,LB7410,모아선진태권스쿨,"경상남도 김해시 율하2로 87, 상가동 201호",경상남도 김해시,"율하2로 87, 상가동 201호"
추가,202003,P84489,신진메탈,"경상남도 김해시 상동로119번길 10,",경상남도 김해시,"상동로119번길 10,"
추가,202003,JJ7101,에스아이씨(주),"경상남도 김해시 하계로240번길 93-26,",경상남도 김해시,"하계로240번길 93-26,"
추가,202003,JY6613,(주)대현글로벌,"경상남도 김해시 테크노밸리로 77-36,",경상남도 김해시,"테크노밸리로 77-36,"
추가,202003,JP3629,트라이던트오션(주),"경상남도 김해시 고모로526번길 58,",경상남도 김해시,"고모로526번길 58,"
추가,202003,LA2879,보성기제,"경상남도 김해시 서부로1499번길 22-20,",경상남도 김해시,"서부로1499번길 22-20,"
추가,202003,LA4802,이디야김해대청동점,"경상남도 김해시 번화1로44번길 20,",경상남도 김해시,"번화1로44번길 20,"
추가,202003,P10187,금당CASA,"경상남도 김해시 김해대로 1521, 1층",경상남도 김해시,"김해대로 1521, 1층"
추가,202003,IZ8487,(주)유엠티,"경상남도 김해시 김해대로2575번길 71, A동 1층",경상남도 김해시,"김해대로2575번길 71, A동 1층"
추가,202003,LA6579,마이러브펫,"경상남도 김해시 한림로 943-16,",경상남도 김해시,"한림로 943-16,"
추가,202003,LA6799,MS이펙트기획,"경상남도 김해시 평전로107번길 13,",경상남도 김해시,"평전로107번길 13,"
추가,202003,CH7490,모바일멤버스마루,"경상남도 김해시 분성로335번길 4,",경상남도 김해시,"분성로335번길 4,"
추가,202003,LA0308,더조은컴퓨터아트학원,"경상남도 김해시 분성로 174, 6층",경상남도 김해시,"분성로 174, 6층"
추가,202003,LA2756,무봉리순대국,"경상남도 김해시 율하2로 80,",경상남도 김해시,"율하2로 80,"
추가,202003,IW1250,(주)경남미래연구컨소시엄,"경상남도 김해시 분성로 155, 320동 704호",경상남도 김해시,"분성로 155, 320동 704호"
추가,202003,LA8270,밝은세상안경원,"경상남도 김해시 대청로210번길 34, 102호",경상남도 김해시,"대청로210번길 34, 102호"
추가,202003,LA8580,삼성화학,"경상남도 김해시 생림대로27번길 1-2,",경상남도 김해시,"생림대로27번길 1-2,"
추가,202003,LB3727,부경하이테크,"경상남도 김해시 용덕로237번길 19-15,",경상남도 김해시,"용덕로237번길 19-15,"
추가,202003,LB4424,안심플란트치과의원,"경상남도 김해시 함박로 10, 2호  3 4층",경상남도 김해시,"함박로 10, 2호  3 4층"
추가,202003,LB4844,엠제이,"경상남도 김해시 칠산로441번길 8, 1층",경상남도 김해시,"칠산로441번길 8, 1층"
추가,202003,LB7733,한국적외선개발원,"경상남도 김해시 칠산로325번길 3,",경상남도 김해시,"칠산로325번길 3,"
추가,202003,JF3164,(주)태양기전,"경상남도 김해시 하계로240번길 6,",경상남도 김해시,"하계로240번길 6,"
추가,202003,LA1381,김춘근수학학원,"경상남도 김해시 삼안로 279, 3층",경상남도 김해시,"삼안로 279, 3층"
추가,202003,LA2086,우리타일바스,"경상남도 김해시 삼안로 188-1, 1층  102호",경상남도 김해시,"삼안로 188-1, 1층  102호"
추가,202003,LA3912,신화테크,"경상남도 김해시 김해대로1099번길 62,",경상남도 김해시,"김해대로1099번길 62,"
추가,202003,LB2488,르솔레이,"경상남도 김해시 관동로27번길 39, 109동 동13층  1302호",경상남도 김해시,"관동로27번길 39, 109동 동13층  1302호"
추가,202003,IQ4505,(주)윈컴퍼니,"경상남도 김해시 호계로438번길 44-21, 201호",경상남도 김해시,"호계로438번길 44-21, 201호"
추가,202003,JA8094,(주)니트렉스,"경상남도 김해시 김해대로2761번길 11-17, 102호",경상남도 김해시,"김해대로2761번길 11-17, 102호"
추가,202003,JL1603,(주)에스와이시스템,"경상남도 김해시 고모로216번길 168-75,",경상남도 김해시,"고모로216번길 168-75,"
추가,202003,LA2075,신우정공,"경상남도 김해시 서부로1637번안길 58,",경상남도 김해시,"서부로1637번안길 58,"
추가,202003,LA5673,재원금속,"경상남도 김해시 테크노밸리길 187-43,",경상남도 김해시,"테크노밸리길 187-43,"
추가,202003,LB4518,워시존김해봉황점,"경상남도 김해시 김해대로2324번길 29,",경상남도 김해시,"김해대로2324번길 29,"
추가,202003,DW2740,잼모터스,"경상남도 김해시 반룡로4번길 20, 1층",경상남도 김해시,"반룡로4번길 20, 1층"
추가,202003,HH8380,(주)승진,"경상남도 김해시 내덕로108번길 7, 1층",경상남도 김해시,"내덕로108번길 7, 1층"
추가,202003,LA2208,보강연합의원,"경상남도 김해시 월산로 111-43, 201호",경상남도 김해시,"월산로 111-43, 201호"
추가,202003,JH8060,(주)송산산업개발,"경상남도 김해시 칠산로413번길 16-7, 3층",경상남도 김해시,"칠산로413번길 16-7, 3층"
추가,202003,LB3621,명륜진사갈비내외점,"경상남도 김해시 전하로 252-8, 2층",경상남도 김해시,"전하로 252-8, 2층"
추가,202003,W18483,유강스프링,"경상남도 김해시 고모로364번길 85,",경상남도 김해시,"고모로364번길 85,"
추가,202003,DW2544,물회일번가,"경상남도 김해시 인제로91번길 12-1,",경상남도 김해시,"인제로91번길 12-1,"
추가,202003,IW9225,(주)한국쿨러유압,"경상남도 김해시 하계로240번길 93-8,",경상남도 김해시,"하계로240번길 93-8,"
추가,202003,LB3370,아란상사,"경상남도 김해시 분성로707번길 30, 1층",경상남도 김해시,"분성로707번길 30, 1층"
추가,202003,IM3664,(주)세영,"경상남도 김해시 서부로 266,",경상남도 김해시,"서부로 266,"
추가,202003,LA0437,차주유소,"경상남도 김해시 장유로 71,",경상남도 김해시,"장유로 71,"
추가,202003,LB8521,대현테크,"경상남도 김해시 김해대로974번길 104, 1층",경상남도 김해시,"김해대로974번길 104, 1층"
추가,202003,X84382,현진이엔지,"경상남도 김해시 마사로 36-44,",경상남도 김해시,"마사로 36-44,"
추가,202003,LA4578,큐브캐드캠아이티전문학원,"경상남도 김해시 여래로20번길 45, 에이동상가 301호  상가402호",경상남도 김해시,"여래로20번길 45, 에이동상가 301호  상가402호"
추가,202003,LB7562,하나고고몰,"경상남도 김해시 금관대로1277번길 12-13, 403호",경상남도 김해시,"금관대로1277번길 12-13, 403호"
추가,202003,JC6127,(주)리빙테크,"경상남도 김해시 나전로 308,",경상남도 김해시,"나전로 308,"
추가,202003,JG1885,(주)현정에스앤피,"경상남도 김해시 김해대로1031번안길 72,",경상남도 김해시,"김해대로1031번안길 72,"
추가,202003,LA8633,공룡피자피자빅진영점,"경상남도 김해시 장등로19번길 5, 103호",경상남도 김해시,"장등로19번길 5, 103호"
추가,202003,HL9844,대한건업(주),"경상남도 김해시 분성로 497, 401호",경상남도 김해시,"분성로 497, 401호"
추가,202003,JH3565,(주)엠티비엠,"경상남도 김해시 골든루트로 80-16, 4층  406동 3호",경상남도 김해시,"골든루트로 80-16, 4층  406동 3호"
추가,202003,LA7632,모텔와플,"경상남도 김해시 번화1로76번길 24, 401 501호",경상남도 김해시,"번화1로76번길 24, 401 501호"
추가,202003,JB6171,(주)플루토전자,"경상남도 김해시 김해대로2635번길 66-1,",경상남도 김해시,"김해대로2635번길 66-1,"
추가,202003,JS2171,행복유랑단협동조합,"경상남도 김해시 금관대로 1215,",경상남도 김해시,"금관대로 1215,"
추가,202003,JW6592,(주)안전드림,"경상남도 김해시 골든루트로 80-16, 307호",경상남도 김해시,"골든루트로 80-16, 307호"
추가,202003,LB8696,강프로중고타이어,"경상남도 김해시 구지로 173,",경상남도 김해시,"구지로 173,"
추가,202003,LA5204,(주)넥스원프레시,"경상남도 김해시 삼계중앙로 46, 401호",경상남도 김해시,"삼계중앙로 46, 401호"
추가,202003,LA7411,가령식탁,"경상남도 김해시 삼안로 108, 상가동 105호",경상남도 김해시,"삼안로 108, 상가동 105호"
추가,202003,FD2218,부흥,"경상남도 김해시 김해대로2635번길 22,",경상남도 김해시,"김해대로2635번길 22,"
추가,202003,JK0756,(주)데일리투어,"경상남도 김해시 계동로23번길 19-14, 201호",경상남도 김해시,"계동로23번길 19-14, 201호"
추가,202003,JU7428,(주)숨쉬는도시생태연구소,"경상남도 김해시 김해대로 2232, 4층  김해사회적공동체지원센터  내",경상남도 김해시,"김해대로 2232, 4층  김해사회적공동체지원센터  내"
추가,202003,LA1331,주현상사,"경상남도 김해시 진례로 347,",경상남도 김해시,"진례로 347,"
추가,202003,LA8519,제이엔테크산기,"경상남도 김해시 서부로1499번길 46,",경상남도 김해시,"서부로1499번길 46,"
추가,202003,LB3711,김해타이어24H,"경상남도 김해시 인제로 133-10,",경상남도 김해시,"인제로 133-10,"
추가,202003,LB6679,라온태권도장,"경상남도 김해시 천곡로7번길 15, 3층",경상남도 김해시,"천곡로7번길 15, 3층"
추가,202003,R25565,대운부동산,"경상남도 김해시 금관대로 870-24, 311호",경상남도 김해시,"금관대로 870-24, 311호"
추가,202003,DW2100,칠산금속,"경상남도 김해시 서부로1638번길 133-34, A동",경상남도 김해시,"서부로1638번길 133-34, A동"
추가,202003,LB7680,삼계컴퓨터학원,"경상남도 김해시 해반천로168번길 38, 8층  801호",경상남도 김해시,"해반천로168번길 38, 8층  801호"
추가,202003,FE9682,창건기업,"경상남도 김해시 김해대로927번길 65,",경상남도 김해시,"김해대로927번길 65,"
추가,202003,JV9240,(주)흥부몰,"경상남도 김해시 서부로 1629,",경상남도 김해시,"서부로 1629,"
추가,202003,LA2760,땅스부대찌개율하점,"경상남도 김해시 율하1로 103, 102호",경상남도 김해시,"율하1로 103, 102호"
추가,202003,LA3046,두광인프라,"경상남도 김해시 장유로 360, 108동 1402호",경상남도 김해시,"장유로 360, 108동 1402호"
추가,202004,FP2204,엘에프텍,"경상남도 김해시 서부로396번길 20-35,",경상남도 김해시,"서부로396번길 20-35,"
추가,202004,JG7404,광구건설(주),"경상남도 김해시 전하로208번길 40-12, 상가동 302호",경상남도 김해시,"전하로208번길 40-12, 상가동 302호"
추가,202004,LC9822,광림닥트,"경상남도 김해시 삼안로 320,",경상남도 김해시,"삼안로 320,"
추가,202004,LD2601,지온수산,"경상남도 김해시 흥동로 129, 502호",경상남도 김해시,"흥동로 129, 502호"
추가,202004,X53583,우노베네지아,"경상남도 김해시 칠산로441번길 12-11,",경상남도 김해시,"칠산로441번길 12-11,"
추가,202004,D89405,칠원사,"경상남도 김해시 동남로482번길 5, 1층",경상남도 김해시,"동남로482번길 5, 1층"
추가,202004,LC2872,디테일스팀세차,"경상남도 김해시 금관대로 1284,",경상남도 김해시,"금관대로 1284,"
추가,202004,LC3395,제이케이,"경상남도 김해시 김해대로2491번길 25, 4층",경상남도 김해시,"김해대로2491번길 25, 4층"
추가,202004,LC5267,한땀핸즈,"경상남도 김해시 관동로 79, 1층",경상남도 김해시,"관동로 79, 1층"
추가,202004,FF5967,장유V모텔,"경상남도 김해시 번화1로67번길 26,",경상남도 김해시,"번화1로67번길 26,"
추가,202004,JT4791,(주)정우,"경상남도 김해시 서부로1541번길 47-14,",경상남도 김해시,"서부로1541번길 47-14,"
추가,202004,JY2914,두원산업(주),"경상남도 김해시 테크노밸리1로93번길 23,",경상남도 김해시,"테크노밸리1로93번길 23,"
추가,202004,X37995,신라산업,"경상남도 김해시 번화1로123번길 3-8,",경상남도 김해시,"번화1로123번길 3-8,"
추가,202004,IZ5927,(주)계원산업,"경상남도 김해시 안하로116번길 58-26,",경상남도 김해시,"안하로116번길 58-26,"
추가,202004,JU0692,(주)세윤,"경상남도 김해시 김해대로2492번길 54-15,",경상남도 김해시,"김해대로2492번길 54-15,"
추가,202004,LC2216,우아한나날들,"경상남도 김해시 금관대로 1218, 1동",경상남도 김해시,"금관대로 1218, 1동"
추가,202004,V96906,신진엔지니어링,"경상남도 김해시 김해대로 94-23,",경상남도 김해시,"김해대로 94-23,"
추가,202004,LC1294,키즈홀릭에듀케이션,"경상남도 김해시 관동로 112,",경상남도 김해시,"관동로 112,"
추가,202004,LD0720,씨앤푸드,"경상남도 김해시 호계로300번길 179-1,",경상남도 김해시,"호계로300번길 179-1,"
추가,202004,LD4802,HSC,"경상남도 김해시 골든루트로66번길 48-5, 14동",경상남도 김해시,"골든루트로66번길 48-5, 14동"
추가,202004,LD7288,티아이테크,"경상남도 김해시 동북로473번길 266-19,",경상남도 김해시,"동북로473번길 266-19,"
추가,202004,LB2987,(주)세종글로벌,"경상남도 김해시 삼계로55번길 22, 610호",경상남도 김해시,"삼계로55번길 22, 610호"
변경,202003,FD4403,성우스틸,"경상남도 김해시 서부로1637번길 181,",경상남도 김해시,"서부로1637번길 181,"
변경,202003,205956,태성기계,"경상남도 김해시 분성로541번길 56-1,",경상남도 김해시,"분성로541번길 56-1,"
변경,202003,CC6596,(주)에스앤코리아,"경상남도 김해시 골든루트로129번길 169-5,",경상남도 김해시,"골든루트로129번길 169-5,"
변경,202003,HS5745,레스텍(주),"경상남도 김해시 본산1로 79,",경상남도 김해시,"본산1로 79,"
변경,202003,IY4151,공동육아협동조합바라쿱,"경상남도 김해시 인제로 196, 602호",경상남도 김해시,"인제로 196, 602호"
변경,202003,G11836,김해아이쿱소비자생활협동조합,"경상남도 김해시 삼계로 51, 2층",경상남도 김해시,"삼계로 51, 2층"
변경,202003,II5692,제이월드,"경상남도 김해시 대동로480번길 45-20, 외 2호 필지",경상남도 김해시,"대동로480번길 45-20, 외 2호 필지"
변경,202003,V75290,30번중도매인,"경상남도 김해시 서부로1403번길 23-100,",경상남도 김해시,"서부로1403번길 23-100,"
변경,202003,CC0262,(주)디에이치엠아이,"경상남도 김해시 장방로 136-18,",경상남도 김해시,"장방로 136-18,"
변경,202003,HI5029,(주)강원알앤디,"경상남도 김해시 분성로 449, 2층",경상남도 김해시,"분성로 449, 2층"
변경,202003,L94029,(주)보은전자,"경상남도 김해시 김해대로2635번길 22, 2층",경상남도 김해시,"김해대로2635번길 22, 2층"
변경,202003,R27574,성산ENG,"경상남도 김해시 소망길 8,",경상남도 김해시,"소망길 8,"
변경,202003,W63956,정인테크,"경상남도 김해시 서부로1331번길 23,",경상남도 김해시,"서부로1331번길 23,"
변경,202003,IS0049,(주)조원산업개발,"경상남도 김해시 진례로 226-19,",경상남도 김해시,"진례로 226-19,"
변경,202003,IT7676,(주)금수조경,"경상남도 김해시 삼계중앙로 46, 601호",경상남도 김해시,"삼계중앙로 46, 601호"
변경,202003,JB1763,(유)하나개발,"경상남도 김해시 칠산로413번길 16-7, 3층",경상남도 김해시,"칠산로413번길 16-7, 3층"
변경,202003,IT7486,철'S당구클럽,"경상남도 김해시 금관대로 1196, 2층",경상남도 김해시,"금관대로 1196, 2층"
변경,202003,R76081,겅호테크,"경상남도 김해시 고모로 569,",경상남도 김해시,"고모로 569,"
변경,202003,84884,(주)삼정터빈,"경상남도 김해시 고모로180번길 116,",경상남도 김해시,"고모로180번길 116,"
변경,202003,DJ0482,대명쇼트기계,"경상남도 김해시 고모로 596-47,",경상남도 김해시,"고모로 596-47,"
변경,202003,F35328,대명산업기술(주),"경상남도 김해시 테크노밸리길 170-5,",경상남도 김해시,"테크노밸리길 170-5,"
변경,202003,IN1654,(주)장안건설,"경상남도 김해시 김해대로 770-4, 102호",경상남도 김해시,"김해대로 770-4, 102호"
변경,202003,JH5981,(주)대성테크,"경상남도 김해시 유하로133번길 25-1,",경상남도 김해시,"유하로133번길 25-1,"
변경,202003,M87566,(주)에스엠네트웍스,"경상남도 김해시 김해대로2324번길 48-23, 1동 301호",경상남도 김해시,"김해대로2324번길 48-23, 1동 301호"
변경,202003,259531,지성산업,"경상남도 김해시 김해대로2635번길 11-28,",경상남도 김해시,"김해대로2635번길 11-28,"
변경,202003,283726,대원테크,"경상남도 김해시 동북로195번길 11,",경상남도 김해시,"동북로195번길 11,"
변경,202003,475812,(주)엑스페라,"경상남도 김해시 생림대로928번길 87,",경상남도 김해시,"생림대로928번길 87,"
변경,202003,J02630,한빛이앤지(주),"경상남도 김해시 테크노밸리로 204,",경상남도 김해시,"테크노밸리로 204,"
변경,202003,L00454,(주)구구산업개발,"경상남도 김해시 김해대로769번길 41,",경상남도 김해시,"김해대로769번길 41,"
변경,202003,R30798,SGEM,"경상남도 김해시 안곡로448번길 1-20,",경상남도 김해시,"안곡로448번길 1-20,"
변경,202003,S55106,(주)건덕,"경상남도 김해시 동북로473번길 402,",경상남도 김해시,"동북로473번길 402,"
변경,202003,HI9654,에스티이(주),"경상남도 김해시 고모로 43,",경상남도 김해시,"고모로 43,"
변경,202003,JG0460,지금,"경상남도 김해시 김해대로 1894-21,",경상남도 김해시,"김해대로 1894-21,"
변경,202003,208849,(주)신영칼라,"경상남도 김해시 함박로 162, 203동 303호",경상남도 김해시,"함박로 162, 203동 303호"
변경,202003,JR3448,부동산(박윤희),"경상남도 김해시 본산로212번길 41,",경상남도 김해시,"본산로212번길 41,"
변경,202003,C14964,(주)삼양설비,"경상남도 김해시 장유로 98-2,",경상남도 김해시,"장유로 98-2,"
변경,202003,IM0765,(주)씨아이씨메탈,"경상남도 김해시 대동로 515,",경상남도 김해시,"대동로 515,"
변경,202003,HK7544,신안기술(주),"경상남도 김해시 고모로582번길 21-1,",경상남도 김해시,"고모로582번길 21-1,"
변경,202003,IW6166,(주)천웅성,"경상남도 김해시 서부로346번길 14,",경상남도 김해시,"서부로346번길 14,"
변경,202003,J78229,성보기계,"경상남도 김해시 진영로454번길 74-14,",경상남도 김해시,"진영로454번길 74-14,"
변경,202003,M17066,(주)영상비엔씨,"경상남도 김해시 가동로 62-62,",경상남도 김해시,"가동로 62-62,"
변경,202003,V73619,삼우산업,"경상남도 김해시 고모로526번길 51-43,",경상남도 김해시,"고모로526번길 51-43,"
변경,202003,575331,(주)정진산업,"경상남도 김해시 상동로685번길 138,",경상남도 김해시,"상동로685번길 138,"
변경,202003,CC0445,(주)승화메탈,"경상남도 김해시 칠산로179번길 50,",경상남도 김해시,"칠산로179번길 50,"
변경,202003,FE8576,대운기계,"경상남도 김해시 장방로 232-21, 1층  대운기계",경상남도 김해시,"장방로 232-21, 1층  대운기계"
변경,202003,H40630,(주)포보스골프,"경상남도 김해시 삼안로 320, 3층",경상남도 김해시,"삼안로 320, 3층"
변경,202003,IP6280,(주)이헌환경,"경상남도 김해시 서부로1499번안길 28,",경상남도 김해시,"서부로1499번안길 28,"
변경,202003,J72423,사회복지법인가람복지재단,"경상남도 김해시 김해대로332번길 62, 가람복지재단어린이집",경상남도 김해시,"김해대로332번길 62, 가람복지재단어린이집"
변경,202003,X97925,서광엔텍,"경상남도 김해시 동북로473번길 382-66,",경상남도 김해시,"동북로473번길 382-66,"
변경,202003,575248,신일산업,"경상남도 김해시 상동로685번안길 10,",경상남도 김해시,"상동로685번안길 10,"
변경,202003,HP7838,와이엠아이(주),"경상남도 김해시 고모로324번길 103-75,",경상남도 김해시,"고모로324번길 103-75,"
변경,202003,HV9619,(주)아이엠하이드,"경상남도 김해시 한림로 208-1, 주)하나유압내",경상남도 김해시,"한림로 208-1, 주)하나유압내"
변경,202003,JZ6981,쪼마니공예학원,"경상남도 김해시 번화1로19번길 22-1, 1층",경상남도 김해시,"번화1로19번길 22-1, 1층"
변경,202003,S09177,(유)해광,"경상남도 김해시 대동로 494,",경상남도 김해시,"대동로 494,"
변경,202003,575476,희성산업,"경상남도 김해시 고모로442번길 52-1,",경상남도 김해시,"고모로442번길 52-1,"
변경,202003,995686,신한유도가열,"경상남도 김해시 상동로 263-32,",경상남도 김해시,"상동로 263-32,"
변경,202003,T37571,(주)함께가는사람들,"경상남도 김해시 김해대로2371번길 12-13, 101호",경상남도 김해시,"김해대로2371번길 12-13, 101호"
변경,202003,Y32660,한두원테크,"경상남도 김해시 상동로 78-38,",경상남도 김해시,"상동로 78-38,"
변경,202003,888495,낙동강오리알(주),"경상남도 김해시 삼안로 36-5, 1층",경상남도 김해시,"삼안로 36-5, 1층"
변경,202003,C16747,(주)윈앤윈건설,"경상남도 김해시 본산로 15-17, 449호",경상남도 김해시,"본산로 15-17, 449호"
변경,202003,I16557,엠지피,"경상남도 김해시 안양로 123,",경상남도 김해시,"안양로 123,"
변경,202003,I26801,(주)엔에스트레이딩,"경상남도 김해시 대동로 879,",경상남도 김해시,"대동로 879,"
변경,202003,I72445,나우건설(주),"경상남도 김해시 인제로 5, 302호",경상남도 김해시,"인제로 5, 302호"
변경,202003,IW4764,(주)앨에스태크,"경상남도 김해시 대동로962번길 62-70,",경상남도 김해시,"대동로962번길 62-70,"
변경,202003,JQ8971,씨엔텍,"경상남도 김해시 장유로89번길 5,",경상남도 김해시,"장유로89번길 5,"
변경,202003,P57225,제이씨메디테크,"경상남도 김해시 소망길 88, 101호  재김해의생명센터",경상남도 김해시,"소망길 88, 101호  재김해의생명센터"
변경,202003,V42512,세븐일레븐김해어방본점,"경상남도 김해시 인제로170번길 9-19, 지하층 101호",경상남도 김해시,"인제로170번길 9-19, 지하층 101호"
변경,202003,HP0409,(주)푸른아침,"경상남도 김해시 김해대로2529번길 53,",경상남도 김해시,"김해대로2529번길 53,"
변경,202003,L00397,(주)티에스에이,"경상남도 김해시 삼계로69번길 3,",경상남도 김해시,"삼계로69번길 3,"
변경,202003,L93801,SR중공업,"경상남도 김해시 동북로473번길 58-1,",경상남도 김해시,"동북로473번길 58-1,"
변경,202003,HN6883,(주)황금개발,"경상남도 김해시 칠산로295번길 9-1, 1층  101호",경상남도 김해시,"칠산로295번길 9-1, 1층  101호"
변경,202003,HQ0201,해운산업개발(주),"경상남도 김해시 번화1로68번길 9, 408호",경상남도 김해시,"번화1로68번길 9, 408호"
변경,202003,HS6671,금강정밀,"경상남도 김해시 인제로 723, 외 2호 필지",경상남도 김해시,"인제로 723, 외 2호 필지"
변경,202003,IP1993,농업회사법인(주)보경,"경상남도 김해시 상동로375번길 80-22,",경상남도 김해시,"상동로375번길 80-22,"
변경,202003,J10684,(주)아이덴,"경상남도 김해시 골든루트로 80-59, 603호  우측",경상남도 김해시,"골든루트로 80-59, 603호  우측"
변경,202003,JM7961,종합건축사사무소오브제민,"경상남도 김해시 호계로422번길 13-1,",경상남도 김해시,"호계로422번길 13-1,"
변경,202003,P93235,시영유통,"경상남도 김해시 분성로 142, 제B동 창고동쪽",경상남도 김해시,"분성로 142, 제B동 창고동쪽"
변경,202003,C12248,가교산업(주),"경상남도 김해시 김해대로 1160-22,",경상남도 김해시,"김해대로 1160-22,"
변경,202003,G36955,신화비엔피(주),"경상남도 김해시 상동로 153-2,",경상남도 김해시,"상동로 153-2,"
변경,202003,HO4144,(주)오타시가르고,"경상남도 김해시 가락로86번길 5-5, 1층",경상남도 김해시,"가락로86번길 5-5, 1층"
변경,202003,IQ6703,(주)정원이엔지,"경상남도 김해시 삼안로24번길 19,",경상남도 김해시,"삼안로24번길 19,"
변경,202003,IU3280,청림테크,"경상남도 김해시 용덕로114번길 11-2,",경상남도 김해시,"용덕로114번길 11-2,"
변경,202003,297868,코리아테크,"경상남도 김해시 서부로1701번안길 58-63,",경상남도 김해시,"서부로1701번안길 58-63,"
변경,202003,HV9481,(주)이케이폼컴퍼니,"경상남도 김해시 평지길 19,",경상남도 김해시,"평지길 19,"
변경,202003,IN4049,(주)선양유통,"경상남도 김해시 서부로 275,",경상남도 김해시,"서부로 275,"
변경,202003,DN1840,돈가문푸드,"경상남도 김해시 서부로 1445,",경상남도 김해시,"서부로 1445,"
변경,202003,JP5188,아이비클럽진영점,"경상남도 김해시 여래로 15-10, 101호",경상남도 김해시,"여래로 15-10, 101호"
변경,202003,925308,남경횟집,"경상남도 김해시 식만로 361-1,",경상남도 김해시,"식만로 361-1,"
변경,202003,DW2053,다래정밀,"경상남도 김해시 송현로 129-8,",경상남도 김해시,"송현로 129-8,"
변경,202003,H66215,(주)영일기계,"경상남도 김해시 테크노밸리로 133,",경상남도 김해시,"테크노밸리로 133,"
변경,202003,JQ8426,미담,"경상남도 김해시 김해대로1031번길 45, C동 1호  2층",경상남도 김해시,"김해대로1031번길 45, C동 1호  2층"
변경,202003,214692,(주)재흥정공,"경상남도 김해시 고모로364번길 89,",경상남도 김해시,"고모로364번길 89,"
변경,202003,E47121,(주)그루,"경상남도 김해시 김해대로927번길 89-23,",경상남도 김해시,"김해대로927번길 89-23,"
변경,202003,I95714,(주)용원,"경상남도 김해시 흥동로171번길 40,",경상남도 김해시,"흥동로171번길 40,"
변경,202003,J59062,산딸기닷컴(주),"경상남도 김해시 장척로 374,",경상남도 김해시,"장척로 374,"
변경,202003,L87896,(주)형제전기,"경상남도 김해시 테크노밸리1로 20-21,",경상남도 김해시,"테크노밸리1로 20-21,"
변경,202003,G83804,(주)도고산업,"경상남도 김해시 김해대로1031번안길 13,",경상남도 김해시,"김해대로1031번안길 13,"
변경,202003,G90914,(주)성진이엔티,"경상남도 김해시 소락로 122,",경상남도 김해시,"소락로 122,"
변경,202003,JF3869,스펠크리에이티브(주),"경상남도 김해시 김해대로 2232, 3층  창업까페 5호",경상남도 김해시,"김해대로 2232, 3층  창업까페 5호"
변경,202003,L68408,신광ENG,"경상남도 김해시 고모로324번길 135-32,",경상남도 김해시,"고모로324번길 135-32,"
변경,202003,M37820,(주)우인,"경상남도 김해시 고모로442번길 57-1,",경상남도 김해시,"고모로442번길 57-1,"
변경,202003,T36318,김해중앙새마을금고,"경상남도 김해시 호계로499번길 11-2,",경상남도 김해시,"호계로499번길 11-2,"
변경,202003,312139,엠비씨열쇠,"경상남도 김해시 금관대로 1293,",경상남도 김해시,"금관대로 1293,"
변경,202003,C99813,성원이엔피(주),"경상남도 김해시 나전로 317-104,",경상남도 김해시,"나전로 317-104,"
변경,202003,D95617,(주)유성에스디,"경상남도 김해시 율하2로222번길 14-8, 1층",경상남도 김해시,"율하2로222번길 14-8, 1층"
변경,202003,L73140,(주)미래인터내셔널,"경상남도 김해시 명동로 124-29,",경상남도 김해시,"명동로 124-29,"
변경,202003,336133,쌍용자동차김해가야판매대리점,"경상남도 김해시 금관대로 1349,",경상남도 김해시,"금관대로 1349,"
변경,202003,E47317,(주)경북식품,"경상남도 김해시 진례로311번길 22,",경상남도 김해시,"진례로311번길 22,"
변경,202003,G78660,(주)에이치에스텍,"경상남도 김해시 나전로 396-71,",경상남도 김해시,"나전로 396-71,"
변경,202003,HN7731,대일산업(주),"경상남도 김해시 번화1로44번길 31, 706호",경상남도 김해시,"번화1로44번길 31, 706호"
변경,202003,M30166,GS철강,"경상남도 김해시 금관대로1073번길 14,",경상남도 김해시,"금관대로1073번길 14,"
변경,202003,AL5150,우가주치과병원,"경상남도 김해시 전하로 287, 지하1층  1층 2호 층 4층",경상남도 김해시,"전하로 287, 지하1층  1층 2호 층 4층"
변경,202003,DW2772,채선,"경상남도 김해시 구지로211번길 7-28, 1층",경상남도 김해시,"구지로211번길 7-28, 1층"
변경,202003,I10997,(주)금성,"경상남도 김해시 서부로1701번안길 194,",경상남도 김해시,"서부로1701번안길 194,"
변경,202003,IU1768,(주)베스트커플러,"경상남도 김해시 인제로 707-20,",경상남도 김해시,"인제로 707-20,"
변경,202003,M19048,한길테크(주),"경상남도 김해시 서부로1541번길 125,",경상남도 김해시,"서부로1541번길 125,"
변경,202003,490047,동우하이텍(주),"경상남도 김해시 테크노밸리1로93번길 42-33,",경상남도 김해시,"테크노밸리1로93번길 42-33,"
변경,202003,H79288,대성산기,"경상남도 김해시 본산2로 135,",경상남도 김해시,"본산2로 135,"
변경,202003,H90393,영창메탈,"경상남도 김해시 김해대로1031번안길 10,",경상남도 김해시,"김해대로1031번안길 10,"
변경,202003,L06757,디에이치공조(주),"경상남도 김해시 고모로324번길 110,",경상남도 김해시,"고모로324번길 110,"
변경,202003,L38041,(주)디엔씨파우텍,"경상남도 김해시 김해대로 126,",경상남도 김해시,"김해대로 126,"
변경,202003,HR0478,(주)이솔씨씨앤,"경상남도 김해시 호계로422번길 18, 3층",경상남도 김해시,"호계로422번길 18, 3층"
변경,202003,I29169,(주)동양통운,"경상남도 김해시 김해대로2385번길 25, 404호",경상남도 김해시,"김해대로2385번길 25, 404호"
변경,202003,IW5877,영창이엔지(ENG),"경상남도 김해시 동북로473번길 266-54,",경상남도 김해시,"동북로473번길 266-54,"
변경,202003,J00308,(주)더리치,"경상남도 김해시 진산대로 117,",경상남도 김해시,"진산대로 117,"
변경,202003,L24250,(주)에이스전기,"경상남도 김해시 장방로 71,",경상남도 김해시,"장방로 71,"
변경,202003,L51424,(주)티와이,"경상남도 김해시 서부로411번길 38,",경상남도 김해시,"서부로411번길 38,"
변경,202003,P87878,강산플라텍,"경상남도 김해시 김해대로2662번길 13-40,",경상남도 김해시,"김해대로2662번길 13-40,"
변경,202003,J77015,(주)동진캐스팅,"경상남도 김해시 장유로115번길 50-17,",경상남도 김해시,"장유로115번길 50-17,"
변경,202003,JY2767,그린존,"경상남도 김해시 골든루트로 80-16, 106동 107호",경상남도 김해시,"골든루트로 80-16, 106동 107호"
변경,202003,HU2401,엠에스건설(주),"경상남도 김해시 우암로 175, 211호",경상남도 김해시,"우암로 175, 211호"
변경,202003,IZ6259,삼우금속,"경상남도 김해시 서부로179번길 39-38,",경상남도 김해시,"서부로179번길 39-38,"
변경,202003,JL8627,다민실업,"경상남도 김해시 김해대로1031번안길 62, 3층",경상남도 김해시,"김해대로1031번안길 62, 3층"
변경,202003,L80244,(주)정우개발,"경상남도 김해시 우암로 100, 상가동 301호",경상남도 김해시,"우암로 100, 상가동 301호"
변경,202003,H55540,(주)엠텍,"경상남도 김해시 고모로 88,",경상남도 김해시,"고모로 88,"
변경,202003,JA3477,유창기전,"경상남도 김해시 테크노밸리1로 20-11,",경상남도 김해시,"테크노밸리1로 20-11,"
변경,202003,JT4675,디엠테크,"경상남도 김해시 소락로 143,",경상남도 김해시,"소락로 143,"
변경,202003,L24347,(주)가인이엔지,"경상남도 김해시 생림대로950번길 13,",경상남도 김해시,"생림대로950번길 13,"
변경,202003,R41197,장유대리점,"경상남도 김해시 칠산로237번길 6-22,",경상남도 김해시,"칠산로237번길 6-22,"
변경,202003,T36420,(주)우석,"경상남도 김해시 테크노밸리1로 116-5,",경상남도 김해시,"테크노밸리1로 116-5,"
변경,202003,678214,덕상종합건설(주),"경상남도 김해시 내외중앙로 29, 406호",경상남도 김해시,"내외중앙로 29, 406호"
변경,202003,903806,미래창HD,"경상남도 김해시 금관대로910번길 28-8, 1층",경상남도 김해시,"금관대로910번길 28-8, 1층"
변경,202003,FN7692,회현마을공동체회현당사회적협동조합,"경상남도 김해시 가락로63번길 36,",경상남도 김해시,"가락로63번길 36,"
변경,202003,HL6848,(주)대흥개발,"경상남도 김해시 호계로 434,",경상남도 김해시,"호계로 434,"
변경,202003,HM7278,(주)진성테크원,"경상남도 김해시 고모로 561-52,",경상남도 김해시,"고모로 561-52,"
변경,202003,I43066,우일종합목재,"경상남도 김해시 상동로 371,",경상남도 김해시,"상동로 371,"
변경,202003,J80898,해승테크,"경상남도 김해시 김해대로 1260,",경상남도 김해시,"김해대로 1260,"
변경,202003,M13426,(주)엘케이코리아,"경상남도 김해시 내덕로 138,",경상남도 김해시,"내덕로 138,"
변경,202003,18376,두리화학(주),"경상남도 김해시 생림대로 826-90,",경상남도 김해시,"생림대로 826-90,"
변경,202003,487181,(주)엠에이티,"경상남도 김해시 고모로134번길 20,",경상남도 김해시,"고모로134번길 20,"
