GUBUN,YYYYMM,ID,NAME,NEW_ADDR1,NEW_ADDR
추가,202003,2042832,윤성산업(주),서울특별시 강남구,서울특별시 강남구 도산대로 307
추가,202003,8259175,한복단,서울특별시 강남구,"서울특별시 강남구 학동로 342, 에스케이허브블루 618호"
추가,202003,8345672,모닝글로리강남역점,서울특별시 강남구,"서울특별시 강남구 강남대로84길 6, 지하1층"
추가,202003,8754989,크라브마가,서울특별시 강남구,"서울특별시 강남구 선릉로133길 8, 3층"
추가,202003,9479915,(주)코리아에듀,서울특별시 강남구,서울특별시 강남구 테헤란로51길 18
추가,202003,9786879,종로엠유학,서울특별시 강남구,서울특별시 강남구 강남대로96길 12
추가,202003,10885841,(주)허니픽,서울특별시 강남구,"서울특별시 강남구 봉은사로 129, 1213호  거평타운"
추가,202003,11299922,아음컴퍼니,서울특별시 강남구,"서울특별시 강남구 테헤란로82길 15, 704호"
추가,202003,14520236,(주)미래비전컨설팅,서울특별시 강남구,"서울특별시 강남구 선릉로64길 18, 4층"
추가,202003,14735405,레몬,서울특별시 강남구,"서울특별시 강남구 봉은사로 161, 지하1층"
추가,202003,14740258,아시아타워매점,서울특별시 강남구,"서울특별시 강남구 논현로 430, 지하1층"
추가,202003,14781103,(주)이정심리연구소,서울특별시 강남구,"서울특별시 강남구 영동대로137길 3, 202호"
추가,202003,14789532,(주)오손바이오,서울특별시 강남구,"서울특별시 강남구 봉은사로114길 28, 405호"
추가,202003,14810300,(주)삼성씨앤씨충무로1호,서울특별시 강남구,"서울특별시 강남구 테헤란로84길 16, 세풍빌딩  7층"
추가,202003,14811022,자임당한의원,서울특별시 강남구,"서울특별시 강남구 논현로 610, 2층  석상빌딩"
추가,202003,14812332,큐쓰리당구장,서울특별시 강남구,"서울특별시 강남구 테헤란로47길 8, 3층"
추가,202003,14814590,수치과병원,서울특별시 강남구,"서울특별시 강남구 선릉로 823, 3층"
추가,202003,14815148,(주)나리스시논현본점,서울특별시 강남구,"서울특별시 강남구 언주로 626, 지하1층  101호  논현로얄팰리스"
추가,202003,14823705,(주)위쿡딜리버리역삼점,서울특별시 강남구,"서울특별시 강남구 봉은사로20길 54, 2층"
추가,202003,14824453,바오아토,서울특별시 강남구,"서울특별시 강남구 삼성로 11, 상가등 1층  108호  디에이치 아너힐즈"
추가,202003,14824614,메이크어딜리버리,서울특별시 강남구,"서울특별시 강남구 학동로34길 24, 1층"
추가,202003,14824858,TOP10KOREAFOOD,서울특별시 강남구,"서울특별시 강남구 테헤란로25길 20, 지하1층  101호  역삼현대벤쳐텔"
추가,202003,14826576,네일피아,서울특별시 강남구,"서울특별시 강남구 논현로150길 36-5, 지하1층"
추가,202003,14827416,(주)세한RF시스템,서울특별시 강남구,"서울특별시 강남구 논현로30길 32, 4층  경희빌딩"
추가,202003,14830802,계절집,서울특별시 강남구,"서울특별시 강남구 광평로 295, 서관 111호  한신사이룩스"
추가,202003,14832583,고쿠텐강남역점,서울특별시 강남구,"서울특별시 강남구 테헤란로4길 32, 104호  역삼동우정에쉐르 1"
추가,202003,14840662,더뭉티기,서울특별시 강남구,"서울특별시 강남구 테헤란로83길 14, 102호  두산위브센티움"
추가,202003,14842322,비(B)AND에이치(H)디자인컴퍼니,서울특별시 강남구,"서울특별시 강남구 도산대로78길 24, 2층"
추가,202003,14843548,웰빙텔,서울특별시 강남구,"서울특별시 강남구 영동대로112길 6, 3호  4층"
추가,202003,14845523,커뮤니케이션앤컬쳐,서울특별시 강남구,"서울특별시 강남구 테헤란로 431, 라이언타워"
추가,202003,14854665,(주)플랩,서울특별시 강남구,서울특별시 강남구 봉은사로63길 23
추가,202003,14854906,J&S빌딩,서울특별시 강남구,서울특별시 강남구 밤고개로21길 81
추가,202003,14860869,현대오토카,서울특별시 강남구,서울특별시 강남구 삼성로76길 24
추가,202003,7548483,신성특허법인,서울특별시 강남구,서울특별시 강남구 테헤란로14길 45
추가,202003,10428967,(주)디퍼런스연구소,서울특별시 강남구,"서울특별시 강남구 선릉로133길 4, 2층  아이큐박스빌딩"
추가,202003,13957042,(주)와이드브릿지파트너스,서울특별시 강남구,"서울특별시 강남구 언주로 432, 02호  IS타워"
추가,202003,14062772,헵시바의류수선,서울특별시 강남구,"서울특별시 강남구 언주로65길 34, 101호  태원빌리지"
추가,202003,14327440,글로벌영어선교원,서울특별시 강남구,"서울특별시 강남구 삼성로 436, 401호  운체빌딩"
추가,202003,14814361,더큐이스케이프강남점,서울특별시 강남구,"서울특별시 강남구 강남대로96길 20, 지하호 1동 -2층"
추가,202003,14814412,스시깡,서울특별시 강남구,"서울특별시 강남구 도산대로33길 18, 1층  101호  골든빌"
추가,202003,14814488,경일상사,서울특별시 강남구,"서울특별시 강남구 논현로71길 27, 지하층 층"
추가,202003,14816428,(주)모나클트레이드,서울특별시 강남구,"서울특별시 강남구 영동대로 511, 30층"
추가,202003,14818918,케이케이케이케이케이케이,서울특별시 강남구,"서울특별시 강남구 도산대로75길 15, 1층"
추가,202003,14821229,요르매플라워,서울특별시 강남구,"서울특별시 강남구 언주로103길 19, 1층"
추가,202003,14822126,롤링파스타가로수길점,서울특별시 강남구,"서울특별시 강남구 도산대로13길 16, 2층"
추가,202003,14823702,(주)스타페이스메디컬,서울특별시 강남구,"서울특별시 강남구 논현로168길 36, 3층  343호"
추가,202003,14824975,피디오클래식가로수길,서울특별시 강남구,"서울특별시 강남구 압구정로8길 10, 1층  BOGO빌딩"
추가,202003,14826581,세웅지씨,서울특별시 강남구,서울특별시 강남구 언주로159길 5
추가,202003,14832415,수퍼시스템(주),서울특별시 강남구,"서울특별시 강남구 선릉로 429, 8층"
추가,202003,14833587,공실제로,서울특별시 강남구,"서울특별시 강남구 테헤란로88길 10, 1층  109호  신안메트로칸"
추가,202003,14835151,오후여섯시꽃한송이,서울특별시 강남구,"서울특별시 강남구 도곡로1길 14, 1층  104호  삼일프라자오피스텔 오피스텔"
추가,202003,14838122,맘스터치세곡점,서울특별시 강남구,"서울특별시 강남구 자곡로 201, 1층  118호 호 120호"
추가,202003,14845253,김천재의족발이보곱닭,서울특별시 강남구,서울특별시 강남구 학동로2길 39
추가,202003,14845820,은왁싱,서울특별시 강남구,서울특별시 강남구 선릉로89길 7
추가,202003,14846344,글림,서울특별시 강남구,서울특별시 강남구 논현로 803
추가,202003,14847954,랜덤,서울특별시 강남구,"서울특별시 강남구 도산대로 408, 신우빌딩"
추가,202003,14855391,김부근,서울특별시 강남구,서울특별시 강남구 역삼로14길 11
추가,202003,14860382,파크힐다세대주택,서울특별시 강남구,서울특별시 강남구 역삼로25길 36
추가,202003,8151509,한국아동청소년심리상담센터,서울특별시 강남구,"서울특별시 강남구 학동로42길 67, 2층"
추가,202003,8625356,아이길아동상담센터,서울특별시 강남구,"서울특별시 강남구 언주로30길 13, 대림아크로빌 C동 2911호"
추가,202003,8678615,올리비아,서울특별시 강남구,"서울특별시 강남구 삼성로 212, 은마 A블럭135호"
추가,202003,9599624,이너컴퍼니,서울특별시 강남구,"서울특별시 강남구 강남대로160길 18, B1층  아티움빌딩"
추가,202003,10645825,스마일페이패션5한남,서울특별시 강남구,"서울특별시 강남구 테헤란로 152, 34동 -37층  강남파이낸스센터"
추가,202003,11050023,(주)라이트소프트,서울특별시 강남구,"서울특별시 강남구 언주로151길 21, 602호"
추가,202003,13908264,엠앤엠언어학원,서울특별시 강남구,"서울특별시 강남구 압구정로30길 74, 3층  301호  성호빌딩"
추가,202003,14553902,엘리스,서울특별시 강남구,"서울특별시 강남구 봉은사로30길 22, 1층"
추가,202003,14765185,블루스테이지,서울특별시 강남구,"서울특별시 강남구 학동로73길 33, 401동 101호  청담4차E편한세상 E편한세상"
추가,202003,14811860,아그레아블,서울특별시 강남구,"서울특별시 강남구 역삼로 110, 1동 태양 21호"
추가,202003,14812234,(OK)노래방,서울특별시 강남구,"서울특별시 강남구 강남대로 524, 2층  4호  건일빌딩"
추가,202003,14814293,(주)티엘브이티,서울특별시 강남구,"서울특별시 강남구 논현로 641, 4층"
추가,202003,14815266,프렌디포크,서울특별시 강남구,"서울특별시 강남구 언주로113길 14, 1층  7호"
추가,202003,14818009,최프로,서울특별시 강남구,"서울특별시 강남구 봉은사로20길 54, 2층  16호"
추가,202003,14820704,커피정립삼성중앙점,서울특별시 강남구,"서울특별시 강남구 삼성로111길 7, 1층  103호  현대빌딩"
추가,202003,14821300,빛나게헤어,서울특별시 강남구,"서울특별시 강남구 선릉로76길 9, 103호  대원빌딩"
추가,202003,14823651,어베인레지던스,서울특별시 강남구,"서울특별시 강남구 도산대로30길 21-4, 2호  3 4층"
추가,202003,14827351,언니네집밥,서울특별시 강남구,"서울특별시 강남구 봉은사로51길 5, 지하1층  101호"
추가,202003,14835048,마라상하이,서울특별시 강남구,"서울특별시 강남구 테헤란로52길 21, 지하1층  8호  역삼동벤처빌딩"
추가,202003,14837450,(주)에듀케이션아시아,서울특별시 강남구,"서울특별시 강남구 강남대로94길 28, 4층"
추가,202003,14843213,(주)대신에프에스중산고등학교,서울특별시 강남구,"서울특별시 강남구 일원로14길 22, 중산고등학교"
추가,202003,14847288,(주)블링크프로젝트,서울특별시 강남구,서울특별시 강남구 강남대로146길 8
추가,202003,14860771,한호,서울특별시 강남구,서울특별시 강남구 논현로64길 33
추가,202003,14861160,찌개와,서울특별시 강남구,"서울특별시 강남구 광평로 280, 로즈데일오피스텔  지하2층  찌개와"
추가,202003,7564744,E현대백화점,서울특별시 강남구,서울특별시 강남구 압구정로 201
추가,202003,7962421,스에나가메소드색채심리연구소,서울특별시 강남구,"서울특별시 강남구 양재천로 185, 2층"
추가,202003,8131140,성실유통,서울특별시 강남구,"서울특별시 강남구 학동로4길 48, B02호"
추가,202003,8477734,한아름산후조리원,서울특별시 강남구,"서울특별시 강남구 논현로 98, 5호  6층"
추가,202003,9061306,사라웨딩,서울특별시 강남구,"서울특별시 강남구 선릉로141길 6, 2층"
추가,202003,9559978,(주)유혜림웨딩,서울특별시 강남구,"서울특별시 강남구 선릉로 743, 1층"
추가,202003,11614629,밥아저씨빵,서울특별시 강남구,"서울특별시 강남구 봉은사로 466, 백우빌딩"
추가,202003,14771912,수학의창문,서울특별시 강남구,"서울특별시 강남구 압구정로 224, 303-1호"
추가,202003,14811652,루체아의원,서울특별시 강남구,서울특별시 강남구 논현로 851
추가,202003,14811823,모아필라테스,서울특별시 강남구,"서울특별시 강남구 논현로 80, 2층"
추가,202003,14813584,이글퍼포밍센터,서울특별시 강남구,"서울특별시 강남구 도산대로85길 30, 지하1층  청담신원아침도시마인"
추가,202003,14813929,탑씨스터디카페,서울특별시 강남구,"서울특별시 강남구 선릉로76길 30, 4층  자승빌딩"
추가,202003,14816150,(주)위드테니스아카데미,서울특별시 강남구,"서울특별시 강남구 삼성로 566, B동 1층  빌딩엠"
추가,202003,14818153,신,서울특별시 강남구,"서울특별시 강남구 봉은사로5길 10, 지하1층"
추가,202003,14818836,스튜디오호미,서울특별시 강남구,"서울특별시 강남구 학동로 522, 3층"
추가,202003,14821439,행정사사무소광장,서울특별시 강남구,"서울특별시 강남구 테헤란로82길 15, 245호"
추가,202003,14827633,황금,서울특별시 강남구,"서울특별시 강남구 밤고개로1길 10, 지하1층  B109호  수서현대벤쳐빌"
추가,202003,14828765,리아,서울특별시 강남구,"서울특별시 강남구 논현로149길 8, 1층"
추가,202003,14829488,살롱드프리티,서울특별시 강남구,"서울특별시 강남구 역삼로52길 14, 118호  도곡프라자"
추가,202003,14830343,다른수학학원,서울특별시 강남구,"서울특별시 강남구 삼성로115길 16-5, 2층"
추가,202003,14834073,(주)씨엔에이치코퍼레이션푸드,서울특별시 강남구,"서울특별시 강남구 봉은사로 468, 지하1호  2층"
추가,202003,14836455,(주)캡스텍,서울특별시 강남구,"서울특별시 강남구 영동대로112길 36, 1층"
추가,202003,14837630,한산주사골순댓국,서울특별시 강남구,"서울특별시 강남구 테헤란로10길 18, 1층"
추가,202003,14842469,심앤이법률사무소,서울특별시 강남구,"서울특별시 강남구 테헤란로 151, 1동 동5층  503호  역삼하이츠빌딩"
추가,202003,14843225,(주)서초파인만교육,서울특별시 강남구,"서울특별시 강남구 언주로167길 37, 1층"
추가,202003,14845645,돌쇠떡집,서울특별시 강남구,"서울특별시 강남구 테헤란로 517, 현대백화점무역센터점"
추가,202003,14846985,츄붕,서울특별시 강남구,"서울특별시 강남구 테헤란로 517, 현대백화점무역센터점"
추가,202003,14852233,(주)유앤컴퍼니,서울특별시 강남구,"서울특별시 강남구 테헤란로82길 15, 1513호"
추가,202003,14856572,메죵슈슈,서울특별시 강남구,서울특별시 강남구 봉은사로29길 32
추가,202003,11045582,한솥양재스타클래스,서울특별시 강남구,"서울특별시 강남구 남부순환로359길 10, 1층"
추가,202003,13773135,유영분장,서울특별시 강남구,서울특별시 강남구 논현로140길 10
추가,202003,14006519,메르삐웨딩,서울특별시 강남구,"서울특별시 강남구 삼성로147길 12, 3층  301호  청담동1118빌딩"
추가,202003,14014693,보소인터내셔널,서울특별시 강남구,"서울특별시 강남구 선릉로 338, 302-1호"
추가,202003,14773186,연분홍공방,서울특별시 강남구,"서울특별시 강남구 역삼로87길 13-2, 201호  경복빌라"
추가,202003,14813596,더다이닝라운지,서울특별시 강남구,"서울특별시 강남구 언주로152길 8, 지하1층"
추가,202003,14814419,(주)아이엘케이산업,서울특별시 강남구,"서울특별시 강남구 테헤란로 327, 909호  빅토리아오피스텔"
추가,202003,14815449,촌돼지마을,서울특별시 강남구,"서울특별시 강남구 테헤란로 329, 지하1층  비113호  삼흥빌딩"
추가,202003,14817429,제임스브라운,서울특별시 강남구,"서울특별시 강남구 논현로102길 19, 1층"
추가,202003,14817478,(주)디엔아이이엔티,서울특별시 강남구,"서울특별시 강남구 선릉로129길 26, 4층"
추가,202003,14822999,요가스튜디오센,서울특별시 강남구,"서울특별시 강남구 언주로107길 38, 5동"
추가,202003,14823178,사카비토,서울특별시 강남구,"서울특별시 강남구 테헤란로114길 26, 102호  두원빌딩"
추가,202003,14825420,폴사운드,서울특별시 강남구,"서울특별시 강남구 봉은사로74길 19, 지하층 층 지하"
추가,202003,14827660,한국맥도날드(유)강남2호점,서울특별시 강남구,"서울특별시 강남구 테헤란로 107, 2층"
추가,202003,14830520,바로,서울특별시 강남구,"서울특별시 강남구 테헤란로37길 22, 2층"
추가,202003,14833610,김치앤장아찌,서울특별시 강남구,"서울특별시 강남구 논현로4길 32, 102호"
추가,202003,14834250,법무법인굿윌파트너스,서울특별시 강남구,"서울특별시 강남구 봉은사로26길 10, 2호  3층  건양빌딩"
추가,202003,14835486,대공수학교습소,서울특별시 강남구,"서울특별시 강남구 선릉로66길 8, 3층  2호"
추가,202003,14841826,이노,서울특별시 강남구,"서울특별시 강남구 선릉로157길 21, 지하1층"
추가,202003,14842851,서원빌딩,서울특별시 강남구,"서울특별시 강남구 언주로85길 7, 1층"
추가,202003,14849869,송옥,서울특별시 강남구,서울특별시 강남구 도산대로 135
추가,202003,14850983,(사)한국유변학회,서울특별시 강남구,"서울특별시 강남구 테헤란로7길 22, 신관 806호"
추가,202003,14855390,김봉수안명애부동산(319320호)종합,서울특별시 강남구,"서울특별시 강남구 삼성로 155, 3층  319 320호"
추가,202003,14858066,아레테원,서울특별시 강남구,"서울특별시 강남구 테헤란로 152, 5층  강남파이낸스센터"
추가,202003,1466031,(주)더블유디,서울특별시 강남구,"서울특별시 강남구 선릉로 524, 736호  대림아크로텔"
추가,202003,7453806,(사)한국무형문화재기능보존,서울특별시 강남구,서울특별시 강남구 봉은사로 406
추가,202003,7822271,지에스교육,서울특별시 강남구,"서울특별시 강남구 광평로31길 27, 삼성아파트 상가 110호"
추가,202003,8186217,토즈선릉점,서울특별시 강남구,"서울특별시 강남구 테헤란로70길 14-8, 62호 번지 세왕빌딩  9층"
추가,202003,8576192,성균상담연구소,서울특별시 강남구,"서울특별시 강남구 압구정로 113-22, 상가 2층  6호  미성"
추가,202003,8810994,캠토대치점,서울특별시 강남구,"서울특별시 강남구 도곡로78길 6, 1층"
추가,202003,10343404,가시리포스코점,서울특별시 강남구,"서울특별시 강남구 테헤란로78길 14-15, 1층  2층 대치동"
추가,202003,11855679,스시로코엑스점,서울특별시 강남구,"서울특별시 강남구 테헤란로87길 58, 지하2층  2A03호"
추가,202003,13998671,로하스,서울특별시 강남구,"서울특별시 강남구 논현로79길 40, 201호"
추가,202003,14712799,(주)고수청담점,서울특별시 강남구,"서울특별시 강남구 도산대로58길 15, 지상1층 2층 하층"
추가,202003,14777786,제이엠이,서울특별시 강남구,"서울특별시 강남구 논현로151길 12, 지하층 층"
추가,202003,14814508,(주)디스커버리더블유,서울특별시 강남구,"서울특별시 강남구 언주로147길 36, 1층  설봉빌딩"
추가,202003,14815053,종로푸드AND예가,서울특별시 강남구,"서울특별시 강남구 선릉로 225, 상가 B117호  렉슬"
추가,202003,14816394,(주)비즈온에듀,서울특별시 강남구,"서울특별시 강남구 테헤란로 201, 17층  1706호  아주빌딩"
추가,202003,14817705,베스코아주차장,서울특별시 강남구,"서울특별시 강남구 영동대로 511, 3024호  무역센터트레이드타워"
추가,202003,9537411,케이앤에스커넥터,경기도 화성시,경기도 화성시 푸른들판로 762
추가,202003,14788207,모두홈도어,경기도 화성시,"경기도 화성시 최루백로 430, B동"
추가,202003,14815549,아미아동발달심리연구소,경기도 화성시,"경기도 화성시 동탄대로 182, 403호  레이크파로스주차빌딩"
추가,202003,14818379,화성상회,경기도 화성시,"경기도 화성시 31만세로 1108, 1층"
추가,202003,14819950,바비첼스트링음악학원,경기도 화성시,"경기도 화성시 동탄영천로 81-5, 303호"
추가,202003,14820353,수학의신수학교습소,경기도 화성시,"경기도 화성시 수영로 60-10, 상가동 107호  우방아이유쉘1단지"
추가,202003,14821782,아가월드몬테소리경기남부지사,경기도 화성시,"경기도 화성시 동탄대로 489, 604호  우성케이티엑스타워"
추가,202003,14821818,두발달린자전거,경기도 화성시,"경기도 화성시 수노을1로 191, 제상가 1동 제지층  비104 105호  송산그린시티 이지더원 레이크뷰"
추가,202003,14825541,셜록홈즈동탄점,경기도 화성시,"경기도 화성시 동탄중심상가2길 5, 3층  리더스프라자"
추가,202003,14831991,민속주점향단이,경기도 화성시,"경기도 화성시 영통로 59, 1층  117호  현대프라자"
추가,202003,14832027,플스빌화성점,경기도 화성시,"경기도 화성시 동화새터길 98, 2층  203호  스타타워"
추가,202003,14833831,라화쿵부,경기도 화성시,"경기도 화성시 효행로 1063, 106호  메디프렌드"
추가,202003,14833875,송림,경기도 화성시,"경기도 화성시 삼성전자로 16, 리치안오피스텔  1층  105 106 108 109호"
추가,202003,14835944,본스테이크,경기도 화성시,"경기도 화성시 동탄순환대로29길 64, 201호"
추가,202003,14838688,씨유화성정림점,경기도 화성시,"경기도 화성시 망월길 4, B동 1층"
추가,202003,14841678,뜨는다방,경기도 화성시,"경기도 화성시 평3길 10, 2층"
추가,202003,14843634,신진미통닭,경기도 화성시,"경기도 화성시 병점동로 88-1, 1층"
추가,202003,14845538,보니타네일메이크업,경기도 화성시,"경기도 화성시 효행로 1072, 상록프라자"
추가,202003,14846995,노블호프,경기도 화성시,경기도 화성시 서촌길 17-1
추가,202003,14850769,시그닛코리아,경기도 화성시,"경기도 화성시 동탄반송길 16, 1층"
추가,202003,14851253,(주)카니어스,경기도 화성시,경기도 화성시 무하로 149-8
추가,202003,14857643,세진산업,경기도 화성시,경기도 화성시 문학로68번나길 24-3
추가,202003,7518398,그린가스산업,경기도 화성시,경기도 화성시 제암고주로 170
추가,202003,8719906,키즈펀교육센터,경기도 화성시,경기도 화성시 용수길26번길 3-10
추가,202003,11025072,국화리어촌계,경기도 화성시,경기도 화성시 국화길 8
추가,202003,11387336,(주)대흥기업,경기도 화성시,경기도 화성시 발안로 558
추가,202003,14220592,경성짬뽕,경기도 화성시,"경기도 화성시 청원산단로 131, 1층  101호  오송빌딩"
추가,202003,14771481,캐리어서비스2동탄점,경기도 화성시,"경기도 화성시 10용사로 336-19, 102호"
추가,202003,14814929,바이러스컴퍼니,경기도 화성시,"경기도 화성시 내향로 128-11, D동"
추가,202003,14817262,파티노래빠,경기도 화성시,"경기도 화성시 동탄원천로 354-28, 118 119호  이너매스"
추가,202003,14818746,티와이산업,경기도 화성시,경기도 화성시 사격장길 88-16
추가,202003,14819108,거성환경,경기도 화성시,경기도 화성시 노하길 183
추가,202003,14823412,GB중장비,경기도 화성시,경기도 화성시 만년로303번길 3-2
추가,202003,14823996,미니스톱화성현대점,경기도 화성시,"경기도 화성시 영통로 59, 113호  현대프라자"
추가,202003,14827141,향남가마솥순대국,경기도 화성시,"경기도 화성시 평3길 5, 1층"
추가,202003,14828993,수원청과,경기도 화성시,"경기도 화성시 병점2로 77, 102호"
추가,202003,14843859,향남펜싱클럽,경기도 화성시,"경기도 화성시 발안로 35, 3층"
추가,202003,14846527,102마레왁싱,경기도 화성시,"경기도 화성시 동탄공원로3길 18-8, 1층"
추가,202003,14849278,쥬얼리,경기도 화성시,"경기도 화성시 동탄중심상가1길 31, 광장타워"
추가,202003,14849779,스킨앤허브갤러리,경기도 화성시,경기도 화성시 효행로 287
추가,202003,14857745,숭덕빌딩,경기도 화성시,경기도 화성시 병점4로 69
추가,202003,7339191,농업회사법인(주)팜후레쉬,경기도 화성시,경기도 화성시 신남로 370-17
추가,202003,7573691,쌍용자동차북양서비스프라자,경기도 화성시,경기도 화성시 주석로184번길 5
추가,202003,8359771,유니온펫유통,경기도 화성시,경기도 화성시 토성로 107
추가,202003,8978320,조은쇼파,경기도 화성시,경기도 화성시 넌추골2길 1
추가,202003,10266487,본가신촌설렁탕동탄점,경기도 화성시,"경기도 화성시 동탄중심상가1길 18, 동일하이빌  2층  206동 1호"
추가,202003,11646067,럭셔리뷰티향남점,경기도 화성시,"경기도 화성시 삼천병마로 216, 6층  2호  중앙빌딩"
추가,202003,11686508,수내닭꼬치솔빛나루점,경기도 화성시,"경기도 화성시 동탄솔빛로 54, 엔타워  112호 일부호 중앙"
추가,202003,11926697,채플린,경기도 화성시,경기도 화성시 동탄중심상가2길 16
추가,202003,14251958,범아건업,경기도 화성시,경기도 화성시 만년로 173
추가,202003,14644732,훌랄라&천족,경기도 화성시,"경기도 화성시 병점중앙로156번길 5-5, 1층"
추가,202003,14813800,레이첼음악학원,경기도 화성시,"경기도 화성시 동탄순환대로 127-9, 701호  우성애비뉴타워"
추가,202003,14817898,베리의커피,경기도 화성시,"경기도 화성시 제부로 235-1, 1층  144호"
추가,202003,14822524,티비원컴퍼니,경기도 화성시,경기도 화성시 병점동로164번길 19
추가,202003,14822583,루바호프,경기도 화성시,"경기도 화성시 발안남로55번길 27, 107호"
추가,202003,14825241,해법수학호수아이파크점,경기도 화성시,"경기도 화성시 동탄순환대로8길 14, 3126동 1503호  동탄호수공원아이파크"
추가,202003,14832315,제노헤어,경기도 화성시,"경기도 화성시 영통로27번길 53, 214동 1805호  신영통현대2차아파트"
추가,202003,14832481,필라테스포유,경기도 화성시,"경기도 화성시 동탄지성로 134, 4층  401호  한솔프라자"
추가,202003,14834059,카앤피플화성9호점,경기도 화성시,"경기도 화성시 동탄공원로1길 6-59, 361동 1103호  시범다은마을풍성신미주"
추가,202003,14837473,(주)에스테크솔루션,경기도 화성시,"경기도 화성시 발안공단로4길 110, 2동 202호"
추가,202003,14840167,대박철물,경기도 화성시,경기도 화성시 남양성지로 185
추가,202003,14841569,세솔노래방,경기도 화성시,"경기도 화성시 여울로 109, 지하1층"
추가,202003,14843371,엘림음악학원,경기도 화성시,"경기도 화성시 동탄대로시범길 122, 상가동 201호"
추가,202003,14843594,(주)덕우,경기도 화성시,경기도 화성시 초록로 57-28
추가,202003,14849409,백악관,경기도 화성시,경기도 화성시 어섬길 327-22
추가,202003,1495941,(주)마잘,경기도 화성시,경기도 화성시 고주동방길 16-24
추가,202003,7570737,에이스유통,경기도 화성시,"경기도 화성시 동탄반석로 16, 동탄나루마을월드메르디앙반도유보라 634동 2602호"
추가,202003,7992706,금오유화산업,경기도 화성시,"경기도 화성시 발안공단로2길 52, B동 34호"
추가,202003,8082403,코리안숯불바베큐,경기도 화성시,"경기도 화성시 동화새터길 96, 스타타워  3304호"
추가,202003,8536442,경기도청,경기도 화성시,경기도 화성시 향남로 399
추가,202003,9599666,퍼스트해법영어학원,경기도 화성시,"경기도 화성시 10용사로 284, 상가동 301호  송골마을우남드림밸리3차아파트"
추가,202003,10751735,반송고등학교매점,경기도 화성시,"경기도 화성시 동탄반석로 21, 내반송고등학교"
추가,202003,11679569,지아&뷰티,경기도 화성시,"경기도 화성시 상신하길로298번길 7-23, 케이티시네마투 7층  701호"
추가,202003,14536105,(주)대형디앤씨,경기도 화성시,"경기도 화성시 반월길 68, 302호"
추가,202003,14771496,와이에이치비(YHB)크리너,경기도 화성시,"경기도 화성시 정남동로 430, 1동 동1층"
추가,202003,14781634,조은렌탈상사,경기도 화성시,"경기도 화성시 동탄순환대로30길 8, 102동 302호  선납재마을성원상떼빌아파트"
추가,202003,14817978,버블맨24셀프빨래방능동점,경기도 화성시,"경기도 화성시 동탄하나1길 61, 124호"
추가,202003,14818877,한일종합가스,경기도 화성시,경기도 화성시 진개골길 127
추가,202003,14827559,(주)에스아이디어코스틱,경기도 화성시,"경기도 화성시 제약단지로 13-3, 1층"
추가,202003,14830167,오피스에스,경기도 화성시,"경기도 화성시 삼성1로5길 6, 지하층 층 104호  원히캐슬동탄"
추가,202003,14830784,점프스쿨새솔센터,경기도 화성시,"경기도 화성시 노들길 4, 303 304 305호"
추가,202003,14830850,오르새피자동탄병점점,경기도 화성시,"경기도 화성시 동탄시범한빛길 27, 103호"
추가,202003,14831555,아빠가튀긴닭카림2차점,경기도 화성시,"경기도 화성시 동탄광역환승로 73, 제지하1층  E003호  동탄역반도유보라아이비파크8차 80"
추가,202003,14834052,장수식품,경기도 화성시,경기도 화성시 배양길 29-11
추가,202003,14843017,늘솜한식뷔페,경기도 화성시,"경기도 화성시 주석로80번길 2, 1층"
추가,202003,14843800,설렘아이스크림,경기도 화성시,"경기도 화성시 지산1길 4-6, 1층"
추가,202003,14847137,보니타피부,경기도 화성시,"경기도 화성시 효행로 1072, 상록프라자"
추가,202003,14858311,에스엔케이,경기도 화성시,경기도 화성시 언창공단길 21
추가,202003,14859431,재은정밀,경기도 화성시,경기도 화성시 만년로 443-16
추가,202003,14860343,티에스엠티(주),경기도 화성시,경기도 화성시 화성로 1476-13
추가,202003,14861176,발리노래방주점,경기도 화성시,"경기도 화성시 효행로 1065, 나라프라자  304호"
추가,202003,8323373,대운상사,경기도 화성시,"경기도 화성시 배양북길 49, 2호 필지"
추가,202003,8358730,예당해법영어수학학원,경기도 화성시,"경기도 화성시 동탄반석로 279, 동탄예당마을우미린제일풍경채아파트  상가동 206호"
추가,202003,8729846,다산이삿짐센터,경기도 화성시,"경기도 화성시 동탄지성로 150-12, 능동마을  717동 402호"
추가,202003,9487311,해법영어학원,경기도 화성시,"경기도 화성시 발안남로 51, 성운빌딩  2층  201호"
추가,202003,11605459,명품생고기전문점,경기도 화성시,"경기도 화성시 동탄기흥로520번가길 5, 1층"
추가,202003,14066452,용달화물,경기도 화성시,"경기도 화성시 동탄순환대로20길 70, 2214동 305호  한신더휴"
추가,202003,14118239,하우스터디화성향남센터모임공간,경기도 화성시,"경기도 화성시 발안로 111, 701호"
추가,202003,14811938,만나정육식당,경기도 화성시,"경기도 화성시 송정로 10, 1층"
추가,202003,14823237,펀비어킹,경기도 화성시,"경기도 화성시 동탄순환대로 127-17, 201호"
추가,202003,14824876,왕사골참진한설렁탕,경기도 화성시,"경기도 화성시 버들로 1580, 106호"
추가,202003,14826626,99감자탕,경기도 화성시,"경기도 화성시 꽃내음2길 32-6, 1층  101호"
추가,202003,14828842,서한,경기도 화성시,"경기도 화성시 동탄대로 591, 106호"
추가,202003,14834563,키움어린이집,경기도 화성시,"경기도 화성시 상리1길 127, 101동 105호  이편한세상신봉담"
추가,202003,14836664,(주)케이제이이알에스,경기도 화성시,"경기도 화성시 동탄대로21길 10, 108동 26호  더퍼스트타워"
추가,202003,14839773,비상잉글리시아이한백초점교습소,경기도 화성시,"경기도 화성시 동탄순환대로26길 55, 415동 105호  반도유보라2차아파트"
추가,202003,14842424,잉글리시아이,경기도 화성시,"경기도 화성시 동탄순환대로8길 14, 3122동 1001호  동탄호수공원아이파크"
추가,202003,14855127,경기호이스트,경기도 화성시,경기도 화성시 전곡산단로 174-29
추가,202003,14856902,베스트모델,경기도 화성시,경기도 화성시 구장길 90-60
추가,202003,14858412,에이치앤씨,경기도 화성시,경기도 화성시 기배로 75
추가,202003,14859927,청진교통,경기도 화성시,경기도 화성시 병점중앙로 214-41
추가,202003,8215686,훌랄라숯불바베큐,경기도 화성시,"경기도 화성시 와우로 99, 외4호 필지 122"
추가,202003,8229782,예일학원,경기도 화성시,"경기도 화성시 송산포도로 146, 대흥빌딩  1층"
추가,202003,8343911,조암오토바이,경기도 화성시,경기도 화성시 31만세로 31
추가,202003,8374550,경림산업,경기도 화성시,경기도 화성시 31만세로 982
추가,202003,8484932,미순명품옷수선샵,경기도 화성시,경기도 화성시 행정서로3길 4-28
추가,202003,8710919,마음샘아동발달센터동탄점,경기도 화성시,"경기도 화성시 동탄지성로 11, 동탄에스알골드프라자  5003호"
추가,202003,11890020,다해해법영어,경기도 화성시,"경기도 화성시 행정중앙1로 95, 1303동 1704호  향남시범살구꽃마을한일베라체"
추가,202003,14669757,원조장충동왕족발,경기도 화성시,"경기도 화성시 수노을2로 11, 2층  201호 -202호 스타타워"
추가,202003,14810134,(주)나이스엔테크,경기도 화성시,"경기도 화성시 주석로 356, 1층"
추가,202003,14817343,마이더스산부인과의원,경기도 화성시,"경기도 화성시 동탄대로 537, 1층 1118호  1119 1120 1080 1081 1082"
추가,202003,14820861,베스트방역,경기도 화성시,"경기도 화성시 병점동로 124-11, 1층  102호"
추가,202003,14822327,블랑,경기도 화성시,"경기도 화성시 동탄중심상가1길 9, 303호 호 305호 월드프라자"
추가,202003,14823754,독정리한식뷔페,경기도 화성시,"경기도 화성시 장안로 343-3, 1동 동1층"
추가,202003,14825119,동네미용실,경기도 화성시,"경기도 화성시 석교로 157, 1층"
추가,202003,14826204,카오디오팩토리,경기도 화성시,"경기도 화성시 동탄반송2길 41-7, 1층"
추가,202003,14835710,러셀수학,경기도 화성시,"경기도 화성시 동탄대로4가길 26, 3339동 103호  제일풍경채에듀앤파크"
추가,202003,14836788,예뻐질홈,경기도 화성시,"경기도 화성시 수노을1로 108, 303동 1604호  송산신도시대방노블랜드더센트럴3차아파트"
추가,202003,14839688,장군집,경기도 화성시,"경기도 화성시 제약단지로 280-13, 1동 동1층  104호"
추가,202003,14853911,(주)옥수테크,경기도 화성시,경기도 화성시 돌서지길 133
추가,202003,14855207,공존,경기도 화성시,경기도 화성시 서동탄로 12-5
추가,202003,14855971,덕원빌딩,경기도 화성시,경기도 화성시 병점4로 58
추가,202003,14856448,리젠시빌,경기도 화성시,경기도 화성시 병점동로134번길 4
추가,202003,14858590,열린건설(주),경기도 화성시,경기도 화성시 제부로654번길 96-31
추가,202003,14858706,오세전태양광발전소,경기도 화성시,경기도 화성시 용소금각로 33
추가,202003,14859035,유림산업,경기도 화성시,경기도 화성시 안녕남로96번길 16
추가,202003,14860647,하진로보틱스,경기도 화성시,경기도 화성시 서봉로 852-35
추가,202003,8255318,라인채널상사,경기도 화성시,경기도 화성시 덕영대로1376번길 223
추가,202003,8513478,그린비바디쉐이핑앤투혼킥복싱,경기도 화성시,"경기도 화성시 영통로 59, 407호  현대프라자 제4층"
추가,202003,9235752,해법영어,경기도 화성시,"경기도 화성시 동탄반석로 70, 435동 2604호  동탄솔빛마을신도브래뉴"
추가,202003,11771460,이지해법영어교습소,경기도 화성시,"경기도 화성시 동탄순환대로28길 17, 319동 103호 동탄2신도시EG  THE1호 아파트"
추가,202003,14778033,화성로얄,경기도 화성시,"경기도 화성시 동탄지성로 150-11, 763동 904호  능동마을주공7단지아파트"
추가,202003,14786949,방켓프라이스,경기도 화성시,"경기도 화성시 수노을1로 192, 708동 1904호  금강펜테리움"
추가,202003,14813770,자동차외형복원RC,경기도 화성시,"경기도 화성시 10용사3길 17, 1층"
추가,202003,14814602,동탄케어,경기도 화성시,"경기도 화성시 병점중앙로242번길 23-4, 1층  영빌리지"
추가,202003,14815063,태산인테리어,경기도 화성시,"경기도 화성시 동화길 82, 106호  동화마을동일하이빌"
추가,202003,14820996,도기살롱,경기도 화성시,"경기도 화성시 삼천병마로 173-5, 112호"
추가,202003,14823437,거상건설기계,경기도 화성시,"경기도 화성시 푸른들판로 661-4, 204호"
추가,202003,14831176,엠베스트SE이산캠퍼스학원,경기도 화성시,"경기도 화성시 동탄기흥로353번길 99-5, 604호"
추가,202003,14831803,하이루,경기도 화성시,"경기도 화성시 고시길 31-7, 1층"
추가,202003,8866171,렘포레인재개발연구소,경상남도 김해시,"경상남도 김해시 삼계중앙로 54, 301호  금우빌딩"
추가,202003,8930202,동서유통,경상남도 김해시,경상남도 김해시 서부로476번길 62
추가,202003,9303404,김해농협서김해지점,경상남도 김해시,경상남도 김해시 전하로 53
추가,202003,11110431,아이폰로즈,경상남도 김해시,"경상남도 김해시 내외중앙로 41, 1층  114호  플러스원"
추가,202003,11705069,아모레카운셀러,경상남도 김해시,경상남도 김해시 삼안로217번길 31
추가,202003,13990334,한올두피탈모센터,경상남도 김해시,"경상남도 김해시 내외중앙로 34, 6층  604호"
추가,202003,14811715,인제대닭갈비,경상남도 김해시,"경상남도 김해시 인제로 222-1, 1호"
추가,202003,14815537,블럭팡김해삼계점,경상남도 김해시,"경상남도 김해시 가야로157번길 9-14, 1층"
추가,202003,14820478,로고스수학,경상남도 김해시,"경상남도 김해시 율하5로 11, 109동 401호  시티프라디움아파트"
추가,202003,14825020,대왕통닭김해주촌점,경상남도 김해시,"경상남도 김해시 천곡로 38, 1층  111호  김해센텀두산위브더제니스상가 동 402동"
추가,202003,14832800,파스타학원,경상남도 김해시,경상남도 김해시 삼안로172번길 1
추가,202003,14832961,키성장다이어트음악줄넘기,경상남도 김해시,"경상남도 김해시 번화2로 2, 205호"
추가,202003,14841845,아닭,경상남도 김해시,"경상남도 김해시 분성로 16, 105호"
추가,202003,14844961,돈물결,경상남도 김해시,경상남도 김해시 분성로529번길 17-1
추가,202003,14848146,스시훈,경상남도 김해시,"경상남도 김해시 우암로 32-1, 주공아파트"
추가,202003,14859866,창건기업,경상남도 김해시,경상남도 김해시 김해대로927번길 65
추가,202003,7738953,세일상사,경상남도 김해시,경상남도 김해시 김해대로2694번길 2
추가,202003,10766782,해봄메이커스,경상남도 김해시,경상남도 김해시 금관대로1193번길 8-7
추가,202003,10796556,한두원테크,경상남도 김해시,경상남도 김해시 상동로 78-38
추가,202003,14789725,제트콜김해장유지사,경상남도 김해시,"경상남도 김해시 금관대로599번길 36, 201호"
추가,202003,14820362,7080라이브디셈버,경상남도 김해시,"경상남도 김해시 분성로 350, 2층"
추가,202003,14823877,박선영개인과외,경상남도 김해시,"경상남도 김해시 해반천로168번길 12, 201호"
추가,202003,14826660,마시고,경상남도 김해시,경상남도 김해시 분성로48번길 1
추가,202003,14829050,성하돼지집,경상남도 김해시,경상남도 김해시 전하로161번길 8-1
추가,202003,14830187,고향밥상,경상남도 김해시,"경상남도 김해시 삼계중앙로5번길 9, 1층"
추가,202003,14830374,청소엔,경상남도 김해시,경상남도 김해시 호계로 477
추가,202003,14839624,초원노래방,경상남도 김해시,"경상남도 김해시 해반천로168번길 18-17, 지하1층"
추가,202003,14841812,조이약국,경상남도 김해시,"경상남도 김해시 본산로 15-17, 106호"
추가,202003,14846885,장안이발,경상남도 김해시,경상남도 김해시 가락로 100-7
추가,202003,2292755,남도테크,경상남도 김해시,경상남도 김해시 서부로1638번길 94-30
추가,202003,10622884,중매65호,경상남도 김해시,경상남도 김해시 식만로 365
추가,202003,11467534,극동종합가스,경상남도 김해시,경상남도 김해시 서부로1409번길 95-4
추가,202003,14824125,소담소담실비집,경상남도 김해시,경상남도 김해시 능동로7번길 18
추가,202003,14825786,와이비엠(YBM)잉글루김해내외중앙1캠퍼스,경상남도 김해시,"경상남도 김해시 내외로77번길 26, 3층  304호  마이다스1빌딩"
추가,202003,14836434,빵빠레미드나이트,경상남도 김해시,"경상남도 김해시 함박로101번길 20, 7층  701-1호"
추가,202003,14846551,글램헤어,경상남도 김해시,경상남도 김해시 능동로37번길 7-6
추가,202003,757943,LG전자베스트샵삼계점,경상남도 김해시,경상남도 김해시 삼계중앙로 56
추가,202003,2028687,우일종합목재,경상남도 김해시,경상남도 김해시 상동로 371
추가,202003,8812259,가락가스,경상남도 김해시,경상남도 김해시 하계로 215
추가,202003,9101979,월드크리닝하우스,경상남도 김해시,"경상남도 김해시 인제로 167-1, 101 어방화인아파트 제5호 동"
추가,202003,9590987,신제음향,경상남도 김해시,경상남도 김해시 평전로 170
추가,202003,14459171,라스베가스,경상남도 김해시,"경상남도 김해시 가락로94번길 5-5, 2층"
추가,202003,14770720,최강해법교실,경상남도 김해시,"경상남도 김해시 덕정로 108, 105동 201호  팔판마을부영이그린타운1단지아파트 부영이그린타운"
추가,202003,14786301,김해수석,경상남도 김해시,경상남도 김해시 서부로 788
추가,202003,14813253,샤랄라헤어,경상남도 김해시,"경상남도 김해시 김해대로2491번길 42, 1층"
추가,202003,14814604,우주가스,경상남도 김해시,경상남도 김해시 상동로 143
추가,202003,14818158,호식이두마리치킨,경상남도 김해시,경상남도 김해시 김해대로321번길 3-20
추가,202003,14818761,와이비네이처스,경상남도 김해시,경상남도 김해시 김해대로2596번길 30
추가,202003,14822928,아하데이스파토르말린체험관,경상남도 김해시,"경상남도 김해시 우암로 113, 2층"
추가,202003,14824061,씨드커피,경상남도 김해시,"경상남도 김해시 김해대로 464-42, 상가동 101호  김해진영엘에이치천년나무2단지"
추가,202003,14839470,아이러브아이스크림,경상남도 김해시,"경상남도 김해시 율하2로 180, 상가동 103호  율현마을주공12단지"
추가,202003,14850265,에스네일,경상남도 김해시,"경상남도 김해시 인제로170번길 14, 박준뷰티랩내"
추가,202003,7564855,한림상사,경상남도 김해시,경상남도 김해시 진영로 377
추가,202003,7660240,체인지카마스타,경상남도 김해시,"경상남도 김해시 생림대로 519-3, 1층"
추가,202003,7672997,AMANDPM,경상남도 김해시,경상남도 김해시 가락로 43
추가,202003,8068764,금성가스,경상남도 김해시,경상남도 김해시 분성로501번길 21
추가,202003,9224197,나비룸,경상남도 김해시,"경상남도 김해시 삼문로 19, 506호  대암월드피아"
추가,202003,14088358,요람뮤직김해인제대점,경상남도 김해시,"경상남도 김해시 인제로 165, 상가 1층  101호  대우유토피아"
추가,202003,14811435,빅시마트,경상남도 김해시,"경상남도 김해시 동북로473번길 204, 1층"
추가,202003,14811528,위드당구클럽,경상남도 김해시,"경상남도 김해시 김해대로2491번길 17, 201호"
추가,202003,14813787,박소현헤어,경상남도 김해시,"경상남도 김해시 금관대로1298번길 3-26, 1층  102호"
추가,202003,14818712,예쁜꽃나라,경상남도 김해시,"경상남도 김해시 관동로12번길 19-5, 1층"
추가,202003,14821452,만리장성가야밀면2호점,경상남도 김해시,"경상남도 김해시 전하로 197, 1층"
추가,202003,14824542,크린토피아장유경동리인코인워시점,경상남도 김해시,"경상남도 김해시 장유로334번길 19, 1층"
추가,202003,14835826,이사오산업,경상남도 김해시,"경상남도 김해시 진산대로 59, 111동 1805호  중흥에스클래스에코시티"
추가,202003,14839838,와이비엠리딩클럽,경상남도 김해시,"경상남도 김해시 진산대로 59, 113동 1405호  중흥에스클래스에코시티"
추가,202003,14841032,송샘수학,경상남도 김해시,"경상남도 김해시 금관대로 688, 108동 201호  내덕서희스타힐스아파트"
추가,202003,14842789,마미네,경상남도 김해시,"경상남도 김해시 활천로74번길 34, 205호"
추가,202003,14844359,올레포차,경상남도 김해시,경상남도 김해시 율하3로7번길 7-5
추가,202003,14851136,(주)엘케이코리아,경상남도 김해시,경상남도 김해시 내덕로 138
추가,202003,7366039,준,경상남도 김해시,"경상남도 김해시 장등로 94, 중흥S클래스3단지아파트"
추가,202003,8134880,진흥오토바이,경상남도 김해시,경상남도 김해시 분성로501번길 24
추가,202003,8261379,미래유공압,경상남도 김해시,경상남도 김해시 서부로 1413
추가,202003,8963020,포근한아동가족심리상담센터,경상남도 김해시,"경상남도 김해시 율하3로 16, 501호  에코빌딩"
추가,202003,10621848,아모레카운셀러,경상남도 김해시,경상남도 김해시 해반천로144번길 35-31
추가,202003,14815172,신천지목재파렛트,경상남도 김해시,경상남도 김해시 묵방로 28
추가,202003,14826723,제우스,경상남도 김해시,"경상남도 김해시 삼계중앙로 23, 504호  파크프라자"
추가,202003,14827458,제이제이샵,경상남도 김해시,"경상남도 김해시 진산대로26번길 5, 1층"
추가,202003,14835480,리쌤헤어,경상남도 김해시,"경상남도 김해시 함박로31번길 27, 1층"
추가,202003,14837282,카페206,경상남도 김해시,"경상남도 김해시 능동로149번길 8, 2층"
추가,202003,14838351,멕시카나삼계점,경상남도 김해시,경상남도 김해시 가야로30번길 19-1
추가,202003,14844278,세븐일레븐장유푸르지오점,경상남도 김해시,"경상남도 김해시 계동로 140, 갑오마을대우푸르지오1단지아파트 푸르지오 상가동"
추가,202003,14850172,닭그린치킨,경상남도 김해시,경상남도 김해시 고모로 279
추가,202003,14859573,제이엔테크산기,경상남도 김해시,경상남도 김해시 서부로1499번길 46
추가,202003,9609047,동부탁구교실,경상남도 김해시,"경상남도 김해시 구지로 59, 상가동 B01호  동부"
추가,202003,14812511,현대조명물류센터,경상남도 김해시,"경상남도 김해시 대청로104번길 27-17, 1층"
추가,202003,14815428,지에스25주촌공원점,경상남도 김해시,"경상남도 김해시 서부로 1538, 101호"
추가,202003,14818930,샐러디내동점,경상남도 김해시,"경상남도 김해시 내외중앙로 69, 1층  119호"
추가,202003,14833490,한식대첩,경상남도 김해시,경상남도 김해시 김해대로407번길 18-4
추가,202003,14835004,주촌하이(HI)영어학원,경상남도 김해시,"경상남도 김해시 선지로 60, 201호  선지리"
추가,202003,14839387,예가네왕만두,경상남도 김해시,"경상남도 김해시 활천로36번길 20, 101호  화인아트빌라"
추가,202003,14845575,도담찜닭김해율하점,경상남도 김해시,경상남도 김해시 관동로 42
추가,202003,14846787,코코뷰티샵,경상남도 김해시,"경상남도 김해시 팔판로 21, 팔판마을대우푸르지오6단지아파트 상가"
추가,202003,14849237,이(李)가네왕대박,경상남도 김해시,경상남도 김해시 분성로 514
추가,202003,14852917,(주)리빙테크,경상남도 김해시,경상남도 김해시 나전로 308
추가,202003,14858285,에스아이씨(주),경상남도 김해시,경상남도 김해시 하계로240번길 93-26
추가,202003,14860817,행복유랑단협동조합,경상남도 김해시,경상남도 김해시 금관대로 1215
추가,202003,8412829,아띠창의체험학습장,경상남도 김해시,경상남도 김해시 김해대로 1439-11
추가,202003,11086303,아모레카운셀러,경상남도 김해시,"경상남도 김해시 인제로170번길 14, 3층"
추가,202003,11383696,아이통곡모유육아상담실,경상남도 김해시,"경상남도 김해시 경원로55번길 20, 308호  동화오피스텔"
추가,202003,14812851,도도걸,경상남도 김해시,"경상남도 김해시 장유로 188, 108호"
추가,202003,14821244,앤,경상남도 김해시,"경상남도 김해시 해반천로168번길 22-12, 1층"
추가,202003,14821693,송담추어탕대청점,경상남도 김해시,"경상남도 김해시 번화1로44번길 12, 1층  106동 107호"
추가,202003,14825208,뿜뿜솜사탕,경상남도 김해시,"경상남도 김해시 김해대로 256-1, 301동 동1층  103호  진영한림풀에버2단지"
추가,202003,14826318,윤가양푼찌개,경상남도 김해시,"경상남도 김해시 분성로 513, 1층"
추가,202003,14828314,에스엠아이스크림할인점,경상남도 김해시,"경상남도 김해시 율하6로 17, 109호  근린생활시설동"
추가,202003,14829931,광진실업(주)케이제이모터스창원점,경상남도 김해시,경상남도 김해시 진산대로 229-1
추가,202003,14840424,등대회센터,경상남도 김해시,"경상남도 김해시 번화1로84번길 34, 112호"
추가,202003,14840613,부원방앗간,경상남도 김해시,"경상남도 김해시 김해대로2355번길 12, 1층"
추가,202003,14845014,더큐브노래주점,경상남도 김해시,"경상남도 김해시 내외중앙로 81, 동화선프라자  803호"
추가,202003,14846151,(주)에스시스템,경상남도 김해시,경상남도 김해시 김해대로 2533
추가,202003,14846831,궁리,경상남도 김해시,경상남도 김해시 김해대로2301번길 18
추가,202003,14851943,(주)선양유통,경상남도 김해시,경상남도 김해시 서부로 275
추가,202003,9131275,현아트개인교습소,경상남도 김해시,"경상남도 김해시 가야로 470, 125호  김해캐슬아리스타궁"
추가,202003,9406432,대신인테리어학원,경상남도 김해시,경상남도 김해시 칠산로425번길 6-7
추가,202003,13966954,(주)플루토전자,경상남도 김해시,경상남도 김해시 김해대로2635번길 66-1
추가,202003,14303895,달빛아래,경상남도 김해시,경상남도 김해시 율하2로 114-1
추가,202003,14812556,칸느,경상남도 김해시,"경상남도 김해시 활천로255번길 20-21, 1층"
추가,202003,14813131,율하칸타빌레음악학원,경상남도 김해시,"경상남도 김해시 율하2로58번길 20-13, 101호"
추가,202003,14816539,유창수산,경상남도 김해시,경상남도 김해시 구지로180번길 27-10
추가,202003,14819790,포천축산,경상남도 김해시,"경상남도 김해시 인제로188번길 6, B107호  힐튼타워"
추가,202003,14825326,스맥부품영남대리점미래종합기계,경상남도 김해시,"경상남도 김해시 골든루트로 74, 가동 1층  106호"
추가,202003,14827322,감자꽃피는감자탕,경상남도 김해시,"경상남도 김해시 월산로 162, 4동 101호"
추가,202003,14827479,선일테크,경상남도 김해시,"경상남도 김해시 번화1로44번길 12, 3층  309호  위더쓰리빌딩"
추가,202003,14829707,701자동차외장관리,경상남도 김해시,경상남도 김해시 김해대로332번길 31-15
추가,202003,14836385,경원해물찜장유점,경상남도 김해시,경상남도 김해시 번화2로 28
추가,202003,14838559,남경회집,경상남도 김해시,경상남도 김해시 분성로 509
추가,202003,14840582,에스엠아이스크림,경상남도 김해시,"경상남도 김해시 율하3로 77, 102호"
추가,202003,14841118,머릿결사랑,경상남도 김해시,"경상남도 김해시 율하2로 99, 1층  108호  골든프라자"
추가,202003,14843131,에스탄츠무용학원,경상남도 김해시,"경상남도 김해시 삼계중앙로 38, 5층  501호"
추가,202003,14847547,폭포수찜질방내3층피부관리실,경상남도 김해시,경상남도 김해시 계동로 129-31
추가,202003,14849990,김미숙헤어스튜디오,경상남도 김해시,경상남도 김해시 인제로 190
추가,202003,7972035,장유농협대청지점,경상남도 김해시,"경상남도 김해시 율하임수길 5, 면332동 4호 대청프라자 A-109"
추가,202003,8945224,한진익스프레스,경상남도 김해시,"경상남도 김해시 칠산로179번길 242, 화목동"
추가,202003,10558516,황금코다리김해삼계구산점,경상남도 김해시,경상남도 김해시 해반천로 34-9
추가,202003,14784259,(주)인투시김해지점,경상남도 김해시,"경상남도 김해시 가야로 530, 지하층 층"
추가,202003,14814205,이가뽈찜AND안주야,경상남도 김해시,"경상남도 김해시 계동로 15, 101호  덕정옥스포드빌딩"
추가,202003,14823043,케이제이헤어,경상남도 김해시,"경상남도 김해시 분성로 287-10, 1층"
추가,202003,14826286,언니네닭장군,경상남도 김해시,"경상남도 김해시 번화1로84번길 28, 1층  112호"
추가,202003,14829612,에듀퍼스트,경상남도 김해시,"경상남도 김해시 진산대로 61, 219동 동2층  203호  진영이진캐스빌"
추가,202003,14833227,참조은식품,경상남도 김해시,"경상남도 김해시 율하3로8번길 4-24, 1층  101호"
추가,202003,14839739,대청꽃조경,경상남도 김해시,"경상남도 김해시 대청로 102, 1층"
추가,202003,14842838,오니나루,경상남도 김해시,"경상남도 김해시 인제로200번길 5, 1층"
추가,202003,14844951,숟가락젓가락,경상남도 김해시,"경상남도 김해시 능동로7번길 18, 1층"
추가,202003,14849311,윈윈노래주점,경상남도 김해시,"경상남도 김해시 가야로 183, 위너스타운"
추가,202003,14857132,부흥,경상남도 김해시,경상남도 김해시 김해대로2635번길 22
추가,202003,14862029,무릅편한정형외과,경상남도 김해시,"경상남도 김해시 가락로 26, 부원프라자 3층"
추가,202003,9402888,다올율하학원,경상남도 김해시,"경상남도 김해시 율하1로 103, 301호  을지빌딩"
추가,202003,9991700,헤라화장품,경상남도 김해시,경상남도 김해시 금관대로1183번길 18
추가,202003,14729104,두대갓,경상남도 김해시,"경상남도 김해시 내외로95번길 7, 109호  노블레스빌딩"
변경,202003,1246974,더비어,경상남도 김해시,경상남도 김해시 율하카페길 11-5
변경,202003,7610889,살롱드디어,경상남도 김해시,경상남도 김해시 인제로 190
변경,202003,11039643,지티에스코리아,경상남도 김해시,경상남도 김해시 생림대로 687
변경,202003,11285106,해초과메기,경상남도 김해시,경상남도 김해시 율하카페길 43-7
변경,202003,11544439,희우,경상남도 김해시,"경상남도 김해시 율하카페길 35-8, 1층"
변경,202003,14322468,농업회사법인(주)보경,경상남도 김해시,경상남도 김해시 상동로375번길 80-22
변경,202003,14360043,르빠니에블루,경상남도 김해시,경상남도 김해시 율하카페길 89-6
변경,202003,14546785,(주)윤슬,경상남도 김해시,경상남도 김해시 가산로 11
변경,202003,282357,수정헤어샵,경상남도 김해시,경상남도 김해시 봉황대길 65
변경,202003,586177,주주촌,경상남도 김해시,경상남도 김해시 율하카페길 71-13
변경,202003,616508,김씨화덕,경상남도 김해시,경상남도 김해시 율하카페길 85-9
변경,202003,14594050,디엠테크,경상남도 김해시,경상남도 김해시 소락로 143
변경,202003,854124,비타민생면국수,경상남도 김해시,"경상남도 김해시 율하카페길 105-15, 1층"
변경,202003,859979,서울순두부,경상남도 김해시,"경상남도 김해시 율하카페길 5-11, 1층"
변경,202003,1532987,(주)삼정터빈,경상남도 김해시,경상남도 김해시 고모로180번길 116
변경,202003,8369063,진례추어탕,경상남도 김해시,경상남도 김해시 분성로 108
변경,202003,11284527,상가내진가식품,경상남도 김해시,"경상남도 김해시 월산로 162, 네오푸드앤조이  B201동 -1 2호"
변경,202003,11484243,구구포차,경상남도 김해시,경상남도 김해시 율하카페길 39-16
변경,202003,1997375,라온건설(주),경상남도 김해시,경상남도 김해시 한림로 859-10
변경,202003,2248076,정인테크,경상남도 김해시,경상남도 김해시 서부로1331번길 23
변경,202003,8142066,은혜식품,경상남도 김해시,"경상남도 김해시 서부로1403번길 23-40, 7호 필지 주촌축산물 7동 동2층  207"
변경,202003,10502250,더현,경상남도 김해시,경상남도 김해시 율하카페길 67-6
변경,202003,11559319,광용산업,경상남도 김해시,경상남도 김해시 안곡로 251-1
변경,202003,11812117,커리업,경상남도 김해시,경상남도 김해시 율하카페길 85-14
변경,202003,14304394,소확행신발빨래방,경상남도 김해시,경상남도 김해시 관동로 98
변경,202003,14421046,소담,경상남도 김해시,경상남도 김해시 봉황대길 4
변경,202003,34464,스넥테라스,경상남도 김해시,"경상남도 김해시 인제로 197, 외2호 필지 늘빛관 7동 동2층"
변경,202003,7394060,팔구칠야시장,경상남도 김해시,경상남도 김해시 율하카페길 5-9
변경,202003,8025727,태양축산,경상남도 김해시,"경상남도 김해시 서부로1403번길 23-40, 외7필지주촌축산물도매시장 7동 동1층 110호"
변경,202003,10516285,성원이엔피(주),경상남도 김해시,경상남도 김해시 나전로 317-104
변경,202003,10790327,(주)디이지,경상남도 김해시,"경상남도 김해시 서부로1541번길 116, 가동 1층  2층"
변경,202003,10971234,(주)선양유통,경상남도 김해시,"경상남도 김해시 덕정로186번길 6, 1층"
변경,202003,11487551,카페로시,경상남도 김해시,"경상남도 김해시 율하카페길 47, 1층"
변경,202003,14442849,씨엔텍,경상남도 김해시,경상남도 김해시 장유로89번길 5
변경,202003,6623310,SR중공업,경상남도 김해시,경상남도 김해시 동북로473번길 58-1
변경,202003,11876193,(주)베스트커플러,경상남도 김해시,경상남도 김해시 인제로 707-20
변경,202003,14440886,(주)케이씨에스,경상남도 김해시,경상남도 김해시 호계로300번길 115-22
변경,202003,9466469,에스엠(SM)크로마텍,경상남도 김해시,"경상남도 김해시 분성로 106-35, 101호  명품빌리지"
변경,202003,10681838,(25SEC)25세컨드,경상남도 김해시,경상남도 김해시 봉황대길 35
변경,202003,11496084,대명쇼트기계,경상남도 김해시,경상남도 김해시 고모로 596-47
변경,202003,510639,카페7그램,경상남도 김해시,경상남도 김해시 율하카페길 21
변경,202003,10991103,재미난쌀통,경상남도 김해시,"경상남도 김해시 봉황대길 46, 1층"
변경,202003,11046975,과채적탕,경상남도 김해시,"경상남도 김해시 전하로 218-1, 1층"
변경,202003,14354934,달빛아래,경상남도 김해시,"경상남도 김해시 계동로 76-28, 상가동 1층  102호  갑오마을부영7단지아파트"
변경,202003,14383914,에스엠할인마트,경상남도 김해시,"경상남도 김해시 선지로 85, 501동 101호  김해센텀Q시티"
변경,202003,296980,장유목욕탕매점,경상남도 김해시,"경상남도 김해시 대청로104번길 84, 지하1층"
변경,202003,1630190,(주)용원,경상남도 김해시,경상남도 김해시 흥동로171번길 40
변경,202003,9830971,어라운드,경상남도 김해시,경상남도 김해시 율하카페길 105-59
변경,202003,489128,시골집,경상남도 김해시,"경상남도 김해시 능동로7번길 21-1, 시골집주건축물제 1동 동1층"
변경,202003,6699750,다래정밀,경상남도 김해시,경상남도 김해시 송현로 129-8
변경,202003,8406168,행복한아이들어린이집,경상남도 김해시,"경상남도 김해시 삼계로 218, 분성마을분성마을한솔솔파크4단지아파트 407동 101호"
변경,202003,13914056,미담,경상남도 김해시,경상남도 김해시 김해대로1031번길 45
변경,202003,14125670,메밀명가,경상남도 김해시,경상남도 김해시 율하카페길 39-3
변경,202003,14253165,종합건축사사무소오브제민,경상남도 김해시,경상남도 김해시 호계로422번길 13-1
변경,202003,14489391,세븐일레븐김해봉황점,경상남도 김해시,경상남도 김해시 봉황대길 8
변경,202003,624750,해인전복,경상남도 김해시,경상남도 김해시 율하카페길 73-7
변경,202003,7378230,금강정밀,경상남도 김해시,"경상남도 김해시 인제로 723, 2호 필지"
변경,202003,8569726,네일바이솔,경상남도 김해시,"경상남도 김해시 함박로 92, 주상가 동 3층  333호  제"
변경,202003,11924151,꼬마김밥스토리,경상남도 김해시,경상남도 김해시 관동로 106
변경,202003,13852992,네일끌리다,경상남도 김해시,"경상남도 김해시 삼계로 241, 2층  202호  화정마을부영2차아파트  상가"
변경,202003,915050,이영지헤어뷰,경상남도 김해시,경상남도 김해시 우암로85번길 42
변경,202003,7343066,삼우산업,경상남도 김해시,경상남도 김해시 고모로526번길 51-43
변경,202003,8049396,삼정필방문구,경상남도 김해시,"경상남도 김해시 김해대로2517번길 28, 조일그랜저빌라2차  2호 차제A동 102"
변경,202003,8371979,타이어달인,경상남도 김해시,경상남도 김해시 한림로 1152
변경,202003,10949520,옷공주,경상남도 김해시,경상남도 김해시 관동로 49-1
변경,202003,14226827,치요남장유점,경상남도 김해시,"경상남도 김해시 계동로159번길 21, 1층"
변경,202003,1603087,(주)에이치에스텍,경상남도 김해시,경상남도 김해시 나전로 396-71
변경,202003,1998945,(주)엔에스트레이딩,경상남도 김해시,경상남도 김해시 대동로 879
변경,202003,8418461,화통한불고기&도시락,경상남도 김해시,"경상남도 김해시 가야로 19, 분성마을푸르지오5단지아파트 한솔파크104호"
변경,202003,8478233,아이데코,경상남도 김해시,경상남도 김해시 김해대로2272번안길 120
변경,202003,10716129,(주)에스앤코리아,경상남도 김해시,경상남도 김해시 골든루트로129번길 169-5
변경,202003,8110835,태성공구,경상남도 김해시,경상남도 김해시 서부로1499번길 34
변경,202003,11494116,득S헤어,경상남도 김해시,경상남도 김해시 본산로 17
변경,202003,11700966,유창기전,경상남도 김해시,경상남도 김해시 테크노밸리1로 20-11
변경,202003,14371007,(주)해인금속,경상남도 김해시,경상남도 김해시 김해대로1031번안길 98
변경,202003,1451117,(주)다솔,경상남도 김해시,"경상남도 김해시 내외중앙로 73, 지하1층  102호   하2층 202호"
변경,202003,9215595,만월돈가스김해부원점,경상남도 김해시,"경상남도 김해시 김해대로 2342, 3층  A307호  부원역푸르지오아이스퀘어몰"
변경,202003,9460121,펍브로,경상남도 김해시,"경상남도 김해시 인제로200번길 3-10, 지하1층"
변경,202003,7381067,영창메탈,경상남도 김해시,경상남도 김해시 김해대로1031번안길 10
변경,202003,11341201,율하맛집라온,경상남도 김해시,경상남도 김해시 율하카페길 89-17
변경,202003,1862935,두리화학(주),경상남도 김해시,경상남도 김해시 생림대로 826-90
변경,202003,2146491,한길테크(주),경상남도 김해시,경상남도 김해시 서부로1541번길 125
변경,202003,9262586,하얀길,경상남도 김해시,경상남도 김해시 율하카페길 23
변경,202003,11360698,성산ENG,경상남도 김해시,경상남도 김해시 소망길 8
변경,202003,11747255,삼겹촌놈고기집김해율하점,경상남도 김해시,경상남도 김해시 율하카페길 101
변경,202003,14482677,의료법인영진의료재단,경상남도 김해시,경상남도 김해시 번화1로 36
변경,202003,14595609,제이월드,경상남도 김해시,"경상남도 김해시 대동로480번길 45-20, 2호 필지"
변경,202003,14802049,가교산업(주),경상남도 김해시,경상남도 김해시 김해대로 1160-22
변경,202003,1633517,(주)우인,경상남도 김해시,경상남도 김해시 고모로442번길 57-1
변경,202003,7345751,에스티이(주),경상남도 김해시,경상남도 김해시 고모로 43
변경,202003,7975895,의료법인하은의료재단,경상남도 김해시,"경상남도 김해시 번화1로79번길 4, 다인메디칼센터  301 401 501호"
변경,202003,9829000,원조밀돈,경상남도 김해시,경상남도 김해시 율하카페길 35-8
변경,202003,11318171,성우스틸,경상남도 김해시,"경상남도 김해시 서부로1637번길 181, 1층"
변경,202003,14542782,7도씨,경상남도 김해시,경상남도 김해시 율하카페길 5-8
변경,202003,549789,1박2일실내포차,경상남도 김해시,"경상남도 김해시 김해대로2453번길 40, 1동 동1층 105호"
변경,202003,903998,엘리에스테틱,경상남도 김해시,경상남도 김해시 율하카페길 5-15
변경,202003,8148590,잉크에버김해점,경상남도 김해시,"경상남도 김해시 삼계로 218, 분성마을한솔솔파크4단지아파트  한솔솔파크409동 904호"
변경,202003,14049749,농업회사법인(주)조영축산,경상남도 김해시,"경상남도 김해시 분성로 590, 1층"
변경,202003,14543371,시골통돼지볶음,경상남도 김해시,경상남도 김해시 율하카페길 5-16
변경,202003,546429,공원식당,경상남도 김해시,경상남도 김해시 봉황대안길 35
변경,202003,11876501,(주)아민정공,경상남도 김해시,경상남도 김해시 고모로526번길 42-36
변경,202003,14456799,가이꼬O,경상남도 김해시,"경상남도 김해시 삼문로 6, 1층  105호"
변경,202003,1632394,(주)우석,경상남도 김해시,경상남도 김해시 테크노밸리1로 116-5
변경,202003,11811993,검정고무신,경상남도 김해시,"경상남도 김해시 율하카페길 105-13, 1층"
변경,202003,1971588,신화비엔피(주),경상남도 김해시,경상남도 김해시 상동로 153-2
변경,202003,2685521,신한유도가열,경상남도 김해시,경상남도 김해시 상동로 263-32
변경,202003,9323802,에이원(A1)손셀프세차장,경상남도 김해시,"경상남도 김해시 대청로176번길 34, 1층"
변경,202003,10598740,소반쭈꾸미,경상남도 김해시,경상남도 김해시 율하카페길 85-19
변경,202003,11224314,강산플라텍,경상남도 김해시,경상남도 김해시 김해대로2662번길 13-40
변경,202003,14240716,고가원,경상남도 김해시,경상남도 김해시 율하카페길 21-1
변경,202003,495933,캐츠,경상남도 김해시,경상남도 김해시 율하카페길 7
변경,202003,10502904,망고식스,경상남도 김해시,경상남도 김해시 율하카페길 103
변경,202003,922329,태양이용원,경상남도 김해시,"경상남도 김해시 장유로307번길 12, 외2호 필지  2동 동1층"
변경,202003,10711020,(주)이케이폼컴퍼니,경상남도 김해시,경상남도 김해시 평지길 19
변경,202003,571713,매직센스,경상남도 김해시,"경상남도 김해시 장방로335번길 26-23, 1동 동2층"
변경,202003,9992420,희성산업,경상남도 김해시,경상남도 김해시 고모로442번길 52-1
변경,202003,11487594,봉,경상남도 김해시,경상남도 김해시 율하카페길 13
변경,202003,11932363,(주)정원이엔지,경상남도 김해시,경상남도 김해시 삼안로24번길 19
변경,202003,1779989,경원벤딩공업사,경상남도 김해시,경상남도 김해시 대청로104번길 92-1
변경,202003,11815044,용감한카페,경상남도 김해시,"경상남도 김해시 율하카페길 31-13, 1층"
변경,202003,13877277,지금,경상남도 김해시,경상남도 김해시 김해대로 1894-21
변경,202003,1724701,(주)티와이,경상남도 김해시,경상남도 김해시 서부로411번길 38
변경,202003,1763003,(주)황맥,경상남도 김해시,"경상남도 김해시 월산로 10, 석봉마을대동피렌체5단지아파트 504동 1404호"
변경,202003,1939818,성보기계,경상남도 김해시,경상남도 김해시 진영로454번길 74-14
변경,202003,2002728,엠지피,경상남도 김해시,경상남도 김해시 안양로 123
변경,202003,7365227,행복우산,경상남도 김해시,경상남도 김해시 율하카페길 93-33
변경,202003,8170778,패밀리축산,경상남도 김해시,"경상남도 김해시 서부로1403번길 23-40, 외7필지주촌축산물도매시장 7동 동1층 126호"
변경,202003,8633613,레고에듀케이션,경상남도 김해시,"경상남도 김해시 인제로 167-3, 13동 202호  어방화인아파트"
변경,202003,8858553,예드림음악학원,경상남도 김해시,"경상남도 김해시 김해대로361번길 31, 진영자임아파트 330동 동203-204호 호"
변경,202003,8955252,리안헤어,경상남도 김해시,경상남도 김해시 율하2로 62
변경,202003,9832788,다이닝센,경상남도 김해시,경상남도 김해시 율하카페길 93-11
변경,202003,9929647,해피마마스,경상남도 김해시,경상남도 김해시 율하카페길 101-19
변경,202003,14079518,순곱이네장유점,경상남도 김해시,경상남도 김해시 율하카페길 97-6
변경,202003,14752329,돈가문푸드,경상남도 김해시,경상남도 김해시 서부로 1445
변경,202003,26291,다소니국수,경상남도 김해시,"경상남도 김해시 율하카페길 73-8, 1층"
변경,202003,1506836,(주)미래인터내셔널,경상남도 김해시,경상남도 김해시 명동로 124-29
변경,202003,497560,부산37양곱창,경상남도 김해시,"경상남도 김해시 율하카페길 77-6, 1층"
변경,202003,1246990,마을,경상남도 김해시,"경상남도 김해시 율하카페길 11-5, 우측"
변경,202003,8113319,공원생고기집,경상남도 김해시,"경상남도 김해시 우암로31번길 4-19, 1층"
변경,202003,8290403,(주)SY가스,경상남도 김해시,경상남도 김해시 대청계곡길 65-23
변경,202003,13860709,소가담,경상남도 김해시,"경상남도 김해시 율하카페길 77-9, 1층"
변경,202003,517587,합천소머리국밥,경상남도 김해시,경상남도 김해시 율하카페길 105-51
변경,202003,1280479,정통촌국수김밥,경상남도 김해시,경상남도 김해시 율하카페길 3
변경,202003,9049770,고릴라캠핑김해점,경상남도 김해시,"경상남도 김해시 대청로 203-1, 1층  고릴라캠핑"
변경,202003,11364550,청림테크,경상남도 김해시,경상남도 김해시 용덕로114번길 11-2
변경,202003,856369,헤드테이블,경상남도 김해시,경상남도 김해시 율하카페길 81-18
변경,202003,1616468,(주)엠텍,경상남도 김해시,경상남도 김해시 고모로 88
변경,202003,7337848,겅호테크,경상남도 김해시,경상남도 김해시 고모로 569
변경,202003,11487642,카페LCS,경상남도 김해시,경상남도 김해시 율하카페길 81-17
변경,202003,11692746,미테소로,경상남도 김해시,경상남도 김해시 율하카페길 89-11
변경,202003,1725685,(주)팀즈,경기도 화성시,경기도 화성시 동탄산단4길 9-30
변경,202003,9157704,더왁싱&더태닝,경기도 화성시,"경기도 화성시 동탄지성로 11, 610호  동탄SR GOLD PL아파트 ZA"
변경,202003,10904735,(주)유진에너지산업,경기도 화성시,경기도 화성시 삼존서길73번길 138-24
변경,202003,11204560,민헤어,경기도 화성시,"경기도 화성시 상신하길로135번길 9-14, 1동 동1층  일부"
변경,202003,14249692,(주)우리에프앤에프,경기도 화성시,경기도 화성시 삼천병마로 1128-11
변경,202003,2130911,퓨전이엔지,경기도 화성시,"경기도 화성시 괘랑6길 11-29, 1필지  3호  1층"
변경,202003,9479196,더조은타이어,경기도 화성시,"경기도 화성시 초록로 151, 1층"
변경,202003,10568310,소덕,경기도 화성시,"경기도 화성시 와우로 91, 301호  캠퍼스타운"
변경,202003,11577485,임실N치즈피자,경기도 화성시,"경기도 화성시 동탄기흥로257번나길 14-8, 1층"
변경,202003,11926713,만석골한식뷔페,경기도 화성시,"경기도 화성시 시청로1610번길 10-8, 1동 동1층  전체"
변경,202003,14700309,디에이치팩,경기도 화성시,경기도 화성시 온천로 82-101
변경,202003,1806803,나라산업,경기도 화성시,경기도 화성시 은행나무로 105
변경,202003,1989030,에너에버배터리솔루션(주),경기도 화성시,경기도 화성시 송산로152번길 4-22
변경,202003,6504562,(주)에이스기계,경기도 화성시,경기도 화성시 요당길 145-13
변경,202003,11201866,(주)명성에프엠씨유도썬스점,경기도 화성시,"경기도 화성시 온천로 157-15, 1동 동1층  일부"
변경,202003,11700829,왕도테크,경기도 화성시,경기도 화성시 발산3길 24
변경,202003,11931432,(주)성진테크놀러지,경기도 화성시,경기도 화성시 무하로36번길 16
변경,202003,1317749,내뜰애,경기도 화성시,경기도 화성시 10용사2길 18
변경,202003,1538013,(주)서연에스와이엔,경기도 화성시,경기도 화성시 시청로 1055-19
변경,202003,1857634,(주)동양특수,경기도 화성시,경기도 화성시 주석로 404
변경,202003,6299060,씨제이프레시웨이(주)일알파코리아2공장,경기도 화성시,"경기도 화성시 마도공단로4길 17, 1동 동4층"
변경,202003,6346795,(주)에이스테크,경기도 화성시,경기도 화성시 정문송산로 206-18
변경,202003,6587461,(주)테프텍,경기도 화성시,경기도 화성시 버들로1362번길 15-10
변경,202003,8357207,보건한의원,경기도 화성시,"경기도 화성시 시청로 7, 3층  303호  위더스프라자"
변경,202003,11358935,두진텍,경기도 화성시,경기도 화성시 문학로30번길 15
변경,202003,11679939,씨유발안행운로드점,경기도 화성시,"경기도 화성시 삼천병마로 169, 1동 동1층  일부"
변경,202003,14023302,제주석쇠한판,경기도 화성시,"경기도 화성시 상신하길로298번길 7-13, 1동 동1층  103호  골든프라자"
변경,202003,14192780,라스,경기도 화성시,경기도 화성시 새말길 24
변경,202003,1469357,(주)도남정공,경기도 화성시,경기도 화성시 화성로1616번길 2-33
변경,202003,1753015,(주)해근인더스,경기도 화성시,경기도 화성시 발안로 836-13
변경,202003,8552905,살롱희헤어,경기도 화성시,"경기도 화성시 동탄순환대로 696, 201호"
변경,202003,9244064,다온헤어,경기도 화성시,"경기도 화성시 10용사3길 22-10, 1층"
변경,202003,9306092,명성한식뷔페,경기도 화성시,"경기도 화성시 만년로 849, 1층"
변경,202003,9961903,(주)대경유압,경기도 화성시,경기도 화성시 현대기아로 466-61
변경,202003,1707421,(주)코스텍,경기도 화성시,경기도 화성시 세자로406번길 26
변경,202003,1835386,대영정공,경기도 화성시,경기도 화성시 시청로 874-38
변경,202003,2055181,일성아이앤디(주),경기도 화성시,경기도 화성시 내향안길 62
변경,202003,10402259,(주)제이엠특장자동차,경기도 화성시,경기도 화성시 사격장길 42-21
변경,202003,10775178,멱골매운탕,경기도 화성시,"경기도 화성시 발안양감로 201, 1동 동2층 204호"
변경,202003,14592463,(주)송도테크,경기도 화성시,경기도 화성시 동탄산단5길 48
변경,202003,1858751,동원씨디에프(주),경기도 화성시,경기도 화성시 남양로 352-20
변경,202003,6311259,(주)해우랑,경기도 화성시,"경기도 화성시 노하길470번길 10, 1동 동1층"
변경,202003,7725528,대광엔지니어링,경기도 화성시,경기도 화성시 만년로151번길 77
변경,202003,11134627,국시미가,경기도 화성시,"경기도 화성시 시청로 982, 2동 동1층  일부"
변경,202003,11354893,(주)제이디이앤씨,경기도 화성시,경기도 화성시 안녕길 19
변경,202003,14137867,(주)엔씨테크놀러지,경기도 화성시,경기도 화성시 배양남길 112
변경,202003,11628092,(주)프로미몰,경기도 화성시,경기도 화성시 은행나무로170번길 35
변경,202003,14368558,(주)신우텍,경기도 화성시,경기도 화성시 화곡로 128-16
변경,202003,14773520,커피쿡봉담CGV점,경기도 화성시,"경기도 화성시 동화길 51, 210호"
변경,202003,1667502,(주)정원하이켐,경기도 화성시,경기도 화성시 장호동길 8-38
변경,202003,1991368,에스에이치플랙스(주),경기도 화성시,경기도 화성시 해운로 448
변경,202003,8776273,우진전열,경기도 화성시,"경기도 화성시 갈담초교길 93, 3필지 15동 -1 8 8-3호"
변경,202003,8834660,신광캐스팅,경기도 화성시,"경기도 화성시 매송고색로 408, 97 98동 1호"
변경,202003,10513832,(주)한스오토메이션,경기도 화성시,경기도 화성시 제약단지로 42
변경,202003,11006702,(주)팝디자인,경기도 화성시,경기도 화성시 반정로154번길 21
변경,202003,11618985,동화텍(주),경기도 화성시,"경기도 화성시 청원산단2길 75, 2동 동1층  일부"
변경,202003,11762663,제이피웍스,경기도 화성시,"경기도 화성시 병점3로 74, 208동 동9층  3호"
변경,202003,13922245,(주)한양엘리베이터,경기도 화성시,경기도 화성시 매바위로237번길 46-273
변경,202003,13939636,방랑식객임지호의산당족발,경기도 화성시,"경기도 화성시 동탄원천로 289-10, 능동마을주공7단지아파트  나상가동 101호"
변경,202003,6907288,세방정밀,경기도 화성시,"경기도 화성시 푸른들판로 700-28, 2-33호 번지 1동 동2동"
변경,202003,10515020,대성에스앤지(주),경기도 화성시,경기도 화성시 덕다길 43-3
변경,202003,11484609,토이페어리,경기도 화성시,"경기도 화성시 10용사1길 43, 1층"
변경,202003,1528928,(주)산정종합개발,경기도 화성시,경기도 화성시 삼천병마로 219
변경,202003,7569754,씨유현대문화관점,경기도 화성시,"경기도 화성시 남양로621번길 36, CU편의점"
변경,202003,1514590,(주)베스틴,경기도 화성시,"경기도 화성시 발안공단로3길 114, 발안지방산업단지  16호"
변경,202003,1690366,(주)찬솔,경기도 화성시,"경기도 화성시 장안로 306-13, 2동 동2층"
변경,202003,2169933,화성수원오산산림조합,경기도 화성시,경기도 화성시 삼천병마로783번길 15
변경,202003,7261364,(주)제이엔프리모,경기도 화성시,"경기도 화성시 숙곡길 7-5, 1동 동2층"
변경,202003,8124170,(주)계근대코리아,경기도 화성시,경기도 화성시 31만세로 738
변경,202003,8431462,시립능동제1어린이집,경기도 화성시,"경기도 화성시 동탄원천로 338-10, 동탄능동마을주공아파트   관리동 702동 동1층"
변경,202003,9098925,홍콩차우,경기도 화성시,경기도 화성시 남양시장로66번길 10-2
변경,202003,9197868,(주)효성장묘개발,경기도 화성시,경기도 화성시 샘마을길 62
변경,202003,10791387,(주)순광,경기도 화성시,"경기도 화성시 동화길 93-12, 지하2층"
변경,202003,10851857,LPK,경기도 화성시,경기도 화성시 10용사3길 42
변경,202003,11279709,호프&포차,경기도 화성시,"경기도 화성시 시청로 756, 1동 동1층 일부"
변경,202003,14027966,끌밋머리,경기도 화성시,"경기도 화성시 병점서로 84, 1층"
변경,202003,14530164,마이포테라피,경기도 화성시,"경기도 화성시 동탄지성로 11, 504호  동탄SR GOLD PL아파트 ZA"
변경,202003,1695738,(주)청풍이앤씨,경기도 화성시,경기도 화성시 신리길 43-30
변경,202003,6433917,(주)명진에스앤티,경기도 화성시,경기도 화성시 쌍송북로27번길 20
변경,202003,6726292,대운건설(주),경기도 화성시,경기도 화성시 남양로930번길 6
변경,202003,7344134,수림산기,경기도 화성시,경기도 화성시 남양로368번길 114
변경,202003,7363996,맞고월남쌈,경기도 화성시,"경기도 화성시 한절이2길 5-4, 1동 동1층"
변경,202003,8368597,레스큐맥스,경기도 화성시,경기도 화성시 보통내길253번길 68-19
변경,202003,9831348,돈&돈,경기도 화성시,"경기도 화성시 효행로 803, 2동 동1층  3호"
변경,202003,11402734,전주한식부페,경기도 화성시,"경기도 화성시 청원산단7길 13, 3동 동1층"
변경,202003,11821344,(주)퍼스트,경기도 화성시,경기도 화성시 동산재길 35-15
변경,202003,2030300,운복정밀,경기도 화성시,경기도 화성시 발안공단로5길 7-24
변경,202003,8078417,굿모닝피아노전문학원,경기도 화성시,"경기도 화성시 상봉길 35-8, 호수마을동문굿모닝힐아파트 단지상가101동 동202 203호"
변경,202003,14639513,히터뱅크,경기도 화성시,"경기도 화성시 푸른들판로 747, 1동 105호"
변경,202003,1573371,(주)아이넥스,경기도 화성시,경기도 화성시 장안로 355
변경,202003,1618069,(주)연호이엔지,경기도 화성시,경기도 화성시 괘랑보통길 153
변경,202003,1845601,더블유아이씨(주),경기도 화성시,경기도 화성시 율암길95번길 26-9
변경,202003,9291796,블랑발레학원,경기도 화성시,"경기도 화성시 동탄순환대로 406, B동 706호"
변경,202003,10917763,불동산,경기도 화성시,"경기도 화성시 해운로458번길 60-15, 1동 동1층 일부"
변경,202003,11700972,유현하이텍,경기도 화성시,경기도 화성시 발안로 983-27
변경,202003,14138550,(주)이비기술,경기도 화성시,경기도 화성시 기산말길 54-10
변경,202003,1851491,동국정밀,경기도 화성시,경기도 화성시 푸른들판로 942-28
변경,202003,1870822,로스웰코리아(주),경기도 화성시,경기도 화성시 송산서로 94-22
변경,202003,10823639,(주)파인디앤씨,경기도 화성시,"경기도 화성시 동탄역로 124, 904호  윤정프라자"
변경,202003,11789316,왕대박동탄점,경기도 화성시,"경기도 화성시 동탄대로시범길 117, 경기화성시청 계동동탄2택지개발지구C- 반도유보라카림애비뉴 판매시설지하1층  30호"
변경,202003,13859680,(주)아이소리산후조리원,경기도 화성시,"경기도 화성시 동탄문화센터로 61, 3층  아시아프라자"
변경,202003,1973787,썬그린에너지(주),경기도 화성시,경기도 화성시 제부로 842
변경,202003,7292721,효동기계공업(주),경기도 화성시,"경기도 화성시 발안공단로4길 97-17, 3층"
변경,202003,8260698,병천순대마도점,경기도 화성시,"경기도 화성시 송정로 4, 1동 동1층"
변경,202003,8420738,도이디토음악학원,경기도 화성시,"경기도 화성시 행정동로 95, 302호  도이프라자"
변경,202003,8718168,세븐당구클럽,경기도 화성시,"경기도 화성시 31만세로 1109-3, 3층  303호"
변경,202003,10680550,(주)하늘푸드,경기도 화성시,"경기도 화성시 동오2길 42, 1동 동3층 일부"
변경,202003,10689758,뉴(NEW)글로벌수산,경기도 화성시,"경기도 화성시 노하길116번길 49, 2동 동1층  전부"
변경,202003,10940126,대산이엔지,경기도 화성시,경기도 화성시 초록로 621
변경,202003,10965942,(주)리앤팍스,경기도 화성시,경기도 화성시 삼성1로 332-7
변경,202003,11007244,(주)우리이엠아이,경기도 화성시,경기도 화성시 기아자동차로299번길 51-28
변경,202003,11045183,(주)다음카본,경기도 화성시,"경기도 화성시 현대연구소로 165-21, 1층"
변경,202003,11545952,임페리아브레드,경기도 화성시,"경기도 화성시 마도북로 50-6, 2동 동1층"
변경,202003,11696855,(주)에스원코퍼레이션,경기도 화성시,"경기도 화성시 기산로 59, 1동 동2층"
변경,202003,13959308,불백한상,경기도 화성시,"경기도 화성시 와우안길 26-1, 1층"
변경,202003,13994334,메가박스중앙(주)동탄지점,경기도 화성시,"경기도 화성시 동탄지성로 11, 7층  동탄SR GOLD PL아파트 ZA"
변경,202003,918343,동탄이발관,경기도 화성시,"경기도 화성시 10용사3길 14-1, 102호"
변경,202003,1296678,가람푸드,경기도 화성시,"경기도 화성시 동탄공원로1길 22-21, 1층  일부"
변경,202003,10006564,경기화약(주),경기도 화성시,경기도 화성시 푸른들판로 770-9
변경,202003,10972889,김영옥피아노교습,경기도 화성시,"경기도 화성시 동탄대로12길 71, 1842동 102호  센트럴힐즈동탄"
변경,202003,11208812,화성유통,경기도 화성시,"경기도 화성시 쇠틀길 62, 1동 동1층 일부"
변경,202003,11549428,해솔장어수산,경기도 화성시,"경기도 화성시 푸른들판로 1943, 1동 동1층"
변경,202003,14222233,리디자인스튜디오정바스로얄,경기도 화성시,"경기도 화성시 동탄순환대로20길 104, 2207동 동3층 2호  호반베르디움22단지"
변경,202003,14232008,신이분식&닭발,경기도 화성시,"경기도 화성시 동탄대로시범길 189, 1층  102호  가든프라자"
변경,202003,14707189,구멍단란주점,경기도 화성시,"경기도 화성시 효행로 1065, 3층"
변경,202003,7778245,이지산부인과,경기도 화성시,"경기도 화성시 시청로 3, 2동 -3층"
변경,202003,7832728,산기공업,경기도 화성시,경기도 화성시 포승향남로 1462
변경,202003,10864829,현대인팩,경기도 화성시,경기도 화성시 송정동길 38-25
변경,202003,11201193,뷰티모아피부&네일,경기도 화성시,"경기도 화성시 송산포도로 125-8, 4동 동1층 일부"
변경,202003,11222552,(주)지원솔루션,경기도 화성시,경기도 화성시 안녕길 95-44
변경,202003,11635866,부영테크(주),경기도 화성시,경기도 화성시 은행나무로62번길 18-5
변경,202003,14373606,신현대특장(주),경기도 화성시,경기도 화성시 서해로 1379-6
변경,202003,1319160,오봉식품유통,경기도 화성시,경기도 화성시 10용사3길 42
변경,202003,8772057,(주)다온가구,경기도 화성시,경기도 화성시 일묵동안길 3-3
변경,202003,10747978,새천년광고,경기도 화성시,"경기도 화성시 동탄반송1길 20-10, 1층  142호  패밀리타운"
변경,202003,14252641,에이원머티리얼즈(주),경기도 화성시,경기도 화성시 토성로 362-29
변경,202003,14443800,지텍코리아(주),경기도 화성시,경기도 화성시 발안공단로5길 7-22
변경,202003,14573671,마카레슈,경기도 화성시,경기도 화성시 기아자동차로 539
변경,202003,1603020,(주)에이치에스이노베이션,경기도 화성시,경기도 화성시 10용사2길 6
변경,202003,1923506,삼형산업,경기도 화성시,경기도 화성시 서동탄로61번길 16
변경,202003,9408312,와우리태권도장,경기도 화성시,"경기도 화성시 효행로 244, B01호  동화리 신일 신일우남클래식타운"
변경,202003,10686899,(주)솔루에타,경기도 화성시,"경기도 화성시 해운로 498-44, 2동 동1층 일부"
변경,202003,14190808,(주)뉴에이스,경기도 화성시,경기도 화성시 정문송산로 256-15
변경,202003,14639451,영진물산,경기도 화성시,"경기도 화성시 꽃내음1길 19-18, 601호 -607호 송산그린시티 상 송산프라자"
변경,202003,14803339,만강정공,경기도 화성시,경기도 화성시 송산서로239번길 45-38
변경,202003,848810,스타벅스동탄광장점,경기도 화성시,"경기도 화성시 동탄지성로 17, 풍성위버폴리스 A동 -1 101-2호  102 103 128"
변경,202003,1297395,큰손식당,경기도 화성시,"경기도 화성시 암소고개로 215, 4동 동1층"
변경,202003,1477723,(주)두손에스티,경기도 화성시,"경기도 화성시 시청로 756, 1동 동2층  200-1호"
변경,202003,1549751,(주)세인시큐리티,경기도 화성시,"경기도 화성시 삼천병마로 576, 2동 동2-2호 호"
변경,202003,2085711,지피아이시스템,경기도 화성시,경기도 화성시 토성로 412
변경,202003,1649820,(주)이다스디자인,서울특별시 강남구,"서울특별시 강남구 도산대로68길 26, 지하층 102호  라움하우스 2"
변경,202003,1684038,(주)지엔씨닷컴,서울특별시 강남구,"서울특별시 강남구 삼성로 550, 지하1층"
변경,202003,1735182,(주)플러스나인,서울특별시 강남구,서울특별시 강남구 논현로146길 39-1
변경,202003,1741038,(주)하얀도화지,서울특별시 강남구,"서울특별시 강남구 영동대로112길 55, 지하층 101호  아이리스빌"
변경,202003,7705810,송옥,서울특별시 강남구,"서울특별시 강남구 강남대로154길 43, 2층"
변경,202003,9968955,(주)유진케이,서울특별시 강남구,"서울특별시 강남구 도산대로 312, 지하1층"
변경,202003,11421248,(주)더페뷸러스,서울특별시 강남구,"서울특별시 강남구 언주로71길 34, 지하1층  2호"
변경,202003,11935386,에어엔터앤코,서울특별시 강남구,"서울특별시 강남구 압구정로 347, 22동 동9층  905호"
변경,202003,13831434,박군푸드,서울특별시 강남구,"서울특별시 강남구 테헤란로 147, 지하1층  9호  성지하이츠 2"
변경,202003,14229800,지올리띠테헤란점,서울특별시 강남구,"서울특별시 강남구 삼성로85길 26, 1층"
변경,202003,1583593,(주)아쿠스모드,서울특별시 강남구,"서울특별시 강남구 언주로170길 16, 지층  2호"
변경,202003,2565211,한빛로지스(주),서울특별시 강남구,"서울특별시 강남구 학동로56길 8, 한양 301호"
변경,202003,6348332,(주)유선무역,서울특별시 강남구,"서울특별시 강남구 도곡로7길 22, 101동 1006호  금호 금호어울림"
변경,202003,11219410,(주)샌드프롬록스,서울특별시 강남구,"서울특별시 강남구 테헤란로 423, 1동 동13층  1301호"
변경,202003,11425094,(주)엠제이아시아,서울특별시 강남구,"서울특별시 강남구 봉은사로 107, 지하3층"
변경,202003,11562035,(주)디클레이스,서울특별시 강남구,"서울특별시 강남구 언주로 842, 지하1층"
변경,202003,14109325,다이아컴,서울특별시 강남구,"서울특별시 강남구 선릉로112길 19, 2층  215호"
변경,202003,14785121,플로레스타FLORESTA,서울특별시 강남구,"서울특별시 강남구 개포로25길 5, 1층"
변경,202003,1613202,(주)엠더블시스템,서울특별시 강남구,"서울특별시 강남구 선릉로91길 18, 지하층 층 동현빌딩"
변경,202003,6582199,(주)키투웨이컨설팅,서울특별시 강남구,"서울특별시 강남구 봉은사로68길 23, 지하1층"
변경,202003,10328806,당크,서울특별시 강남구,"서울특별시 강남구 강남대로62길 22, 황산빌딩  3층  당크디자인하우스"
변경,202003,10707196,(주)압구리푸드,서울특별시 강남구,"서울특별시 강남구 압구정로 162, 지하2층"
변경,202003,10932150,(주)무화잠,서울특별시 강남구,"서울특별시 강남구 강남대로 388, 지상1층  101호  지상 2층 201호"
변경,202003,11879087,티엘인터내셔널,서울특별시 강남구,"서울특별시 강남구 압구정로 401, 55동 동13층  07호"
변경,202003,14248452,(주)메타이앤엠,서울특별시 강남구,"서울특별시 강남구 도산대로38길 40, 지하1층"
변경,202003,14786135,도매결제,서울특별시 강남구,"서울특별시 강남구 남부순환로355길 12, 부강빌딩"
변경,202003,7316,드림메디컬그룹,서울특별시 강남구,서울특별시 강남구 논현로 848
변경,202003,1405126,(유)월드스타,서울특별시 강남구,"서울특별시 강남구 선릉로100길 30, 지하1층  214호"
변경,202003,1493613,(주)리치온파트너스,서울특별시 강남구,"서울특별시 강남구 삼성로 508, LG트윈텔2  1105호"
변경,202003,1579318,(주)아이비즈,서울특별시 강남구,"서울특별시 강남구 개포로 221, 지하1층"
변경,202003,1599464,(주)윈넷,서울특별시 강남구,"서울특별시 강남구 테헤란로113길 13, 지하1층  140호"
변경,202003,1698995,(주)컨트롤앤,서울특별시 강남구,"서울특별시 강남구 학동로2길 19, 지하1층"
변경,202003,2055984,일요저널미디어(주),서울특별시 강남구,"서울특별시 강남구 테헤란로5길 36, 지하층 층  101호"
변경,202003,7456524,홈런볼,서울특별시 강남구,"서울특별시 강남구 언주로 709, 지하1층  송암빌딩"
변경,202003,7976124,(주)체이스아카데미,서울특별시 강남구,"서울특별시 강남구 선릉로 225, 렉슬상가  309동 -1 309-2호  311호"
변경,202003,10509789,(주)쉐프앤,서울특별시 강남구,"서울특별시 강남구 봉은사로68길 21, 지하1층"
변경,202003,11054156,(주)퓨라섹,서울특별시 강남구,"서울특별시 강남구 봉은사로 543, 5호  6층  두에빌딩"
변경,202003,11078696,(주)에스엔제이씨오,서울특별시 강남구,"서울특별시 강남구 논현로 518, 7동 15호"
변경,202003,11351741,(주)루트엔터테인먼트,서울특별시 강남구,"서울특별시 강남구 논현로 562, 지하2층"
변경,202003,11365510,하우투드라이꾸까(주),서울특별시 강남구,"서울특별시 강남구 역삼로14길 12, 지하1층"
변경,202003,13917688,(주)엔알씨,서울특별시 강남구,"서울특별시 강남구 도산대로16길 13-16, 지하1층  B05호"
변경,202003,896731,양형란헤어라인,서울특별시 강남구,서울특별시 강남구 선릉로72길 46
변경,202003,973092,동화지엠(주),서울특별시 강남구,"서울특별시 강남구 개포로 636, 우정빌딩"
변경,202003,1549514,(주)세이브그룹,서울특별시 강남구,"서울특별시 강남구 압구정로10길 30-7, 지하1층"
변경,202003,1649341,(주)이노스퀘어,서울특별시 강남구,"서울특별시 강남구 봉은사로 326, 지하1층"
변경,202003,1731431,(주)포트락게임즈,서울특별시 강남구,"서울특별시 강남구 테헤란로79길 6, 3동 -5층"
변경,202003,1733642,(주)프라임홀딩스인터내셔널,서울특별시 강남구,"서울특별시 강남구 영동대로 602, 6층   37호"
변경,202003,1781391,경한자원개발(주),서울특별시 강남구,"서울특별시 강남구 영동대로118길 12-4, 37동 동2층  2호"
변경,202003,7589132,대도건재,서울특별시 강남구,"서울특별시 강남구 봉은사로74길 28, 근린생활시설"
변경,202003,9969498,(주)일삼공아울렛,서울특별시 강남구,"서울특별시 강남구 봉은사로 223, 지하3층"
변경,202003,10935954,농업회사법인(주)황금마차,서울특별시 강남구,"서울특별시 강남구 삼성로 535, 402호"
변경,202003,11145901,(주)아바나라,서울특별시 강남구,"서울특별시 강남구 광평로46길 26, 지하1층"
변경,202003,11932815,(주)토디아산업개발,서울특별시 강남구,"서울특별시 강남구 테헤란로63길 14, 지하1층"
변경,202003,1670123,(주)제이시스템즈,서울특별시 강남구,"서울특별시 강남구 강남대로 566, 지하1층"
변경,202003,7312403,(주)아이옷사랑,서울특별시 강남구,"서울특별시 강남구 도산대로16길 20, 지하2층"
변경,202003,9081902,자폐증클리닉어린이꿈교육,서울특별시 강남구,"서울특별시 강남구 학동로 106, 3층"
변경,202003,11176555,오가네밥상,서울특별시 강남구,"서울특별시 강남구 광평로 280, 지하2층  138호  로즈데일오피스텔"
변경,202003,11427227,(주)컬쳐몬스터,서울특별시 강남구,"서울특별시 강남구 언주로164길 29, 지하1층"
변경,202003,14560653,한빛심리상담연구소,서울특별시 강남구,"서울특별시 강남구 언주로30길 13, 2509호  대림아크로빌  대림아크로텔"
변경,202003,399326,(주)케이앤제이상사,서울특별시 강남구,"서울특별시 강남구 테헤란로 311, 아남타워빌딩"
변경,202003,1469439,(주)도도,서울특별시 강남구,"서울특별시 강남구 테헤란로14길 48, 지층  101호"
변경,202003,1487903,(주)러빙아이,서울특별시 강남구,"서울특별시 강남구 봉은사로 429, 지하1층"
변경,202003,1528263,(주)사운드그래프,서울특별시 강남구,"서울특별시 강남구 테헤란로13길 30, 지하1층"
변경,202003,1632744,(주)우성이앤티,서울특별시 강남구,서울특별시 강남구 역삼로 409
변경,202003,1711715,(주)키앤호,서울특별시 강남구,"서울특별시 강남구 강남대로102길 47, 지하1층"
변경,202003,2448479,대영상운,서울특별시 강남구,"서울특별시 강남구 광평로 280, 로즈데일오피스텔  1916호"
변경,202003,8393014,뮤잿즈,서울특별시 강남구,"서울특별시 강남구 압구정로2길 9, 유향빌딩  지하층"
변경,202003,11628888,(주)동행코리아,서울특별시 강남구,"서울특별시 강남구 봉은사로 415, 지하1층  3호"
변경,202003,13953639,신사고집,서울특별시 강남구,"서울특별시 강남구 강남대로158길 15, 1층"
변경,202003,14242253,에스엠뷰티랜드,서울특별시 강남구,서울특별시 강남구 압구정로28길 21
변경,202003,14405770,카페천국강남점,서울특별시 강남구,"서울특별시 강남구 논현로115길 4, 1층  전체다원빌딩"
변경,202003,14460040,뷰티당,서울특별시 강남구,"서울특별시 강남구 봉은사로25길 32, 지하1층  103호"
변경,202003,1520050,(주)엘홀딩스,서울특별시 강남구,"서울특별시 강남구 역삼로14길 13, 지층  01호"
변경,202003,1575434,(주)아너인테크디자인,서울특별시 강남구,"서울특별시 강남구 남부순환로365길 38, 지하1층"
변경,202003,1600365,(주)에이씨씨네트웍스,서울특별시 강남구,"서울특별시 강남구 도산대로25길 20, 지층  1호"
변경,202003,6550730,(주)정공예,서울특별시 강남구,"서울특별시 강남구 도산대로 110, 7동 -15 대광빌딩  402호"
변경,202003,7369435,대치제2지구주택재건축정비사업조합,서울특별시 강남구,"서울특별시 강남구 도곡로87길 6, 지하1층"
변경,202003,7435694,스키노바,서울특별시 강남구,"서울특별시 강남구 테헤란로87길 37, 5층  영진빌딩"
변경,202003,9970931,(주)캘리무역,서울특별시 강남구,"서울특별시 강남구 선릉로100길 30, 지하1층"
변경,202003,11628898,(주)클라우드시티,서울특별시 강남구,"서울특별시 강남구 선릉로92길 42, 지하1층"
변경,202003,13919194,(유)빌드인베스트,서울특별시 강남구,"서울특별시 강남구 도곡로 441, 지하1층"
변경,202003,14038124,(주)장산,서울특별시 강남구,"서울특별시 강남구 언주로 702, 지하1층"
변경,202003,14776059,(주)티포티디자인,서울특별시 강남구,"서울특별시 강남구 논현로8길 11, 지하1층"
변경,202003,1559029,(주)스톤인테그리티,서울특별시 강남구,서울특별시 강남구 강남대로156길 31-15
변경,202003,1710055,(주)크라운넷,서울특별시 강남구,"서울특별시 강남구 삼성로 549, 지하1층"
변경,202003,1754995,(주)해피레볼루션,서울특별시 강남구,"서울특별시 강남구 강남대로94길 9, 지하1층"
변경,202003,1789964,광하건설(주),서울특별시 강남구,"서울특별시 강남구 역삼로12길 18-4, 834동 -25 2층  202호"
변경,202003,1959839,스펜서인베스트먼트(주),서울특별시 강남구,"서울특별시 강남구 일원로5길 73, B3호"
변경,202003,1986406,앤지비(주),서울특별시 강남구,"서울특별시 강남구 논현로 503, 송촌빌딩  5층  (주)인덱스"
변경,202003,8043660,이현통상,서울특별시 강남구,"서울특별시 강남구 언주로 314, 제비동 115-2호  강남프라자"
변경,202003,9967323,(주)에이원기획,서울특별시 강남구,"서울특별시 강남구 봉은사로82길 29, 지하1층"
변경,202003,10859125,(주)마블상사,서울특별시 강남구,"서울특별시 강남구 학동로 311, 지층  116호"
변경,202003,11223075,(주)크레이지트라이브,서울특별시 강남구,"서울특별시 강남구 선릉로108길 7, 지하1층"
변경,202003,1488034,(주)럭키스트라이크,서울특별시 강남구,"서울특별시 강남구 선릉로152길 17, 지하1층"
변경,202003,1650535,(주)이레에코텍,서울특별시 강남구,"서울특별시 강남구 도곡로37길 35, 지하1층"
변경,202003,1785316,곰브리치코리아(주),서울특별시 강남구,"서울특별시 강남구 일원로5길 73, B3호"
변경,202003,2817325,신영빌딩,서울특별시 강남구,서울특별시 강남구 논현로151길 16
변경,202003,6496878,(주)알테아,서울특별시 강남구,"서울특별시 강남구 영동대로 213, 지하1층  2호"
변경,202003,7306650,(주)화백코리아,서울특별시 강남구,"서울특별시 강남구 영동대로 417, 지하1층  2호"
변경,202003,7324392,(주)지티엔,서울특별시 강남구,"서울특별시 강남구 언주로108길 21-7, 지하1층"
변경,202003,7757530,창의디자인벡터미술학원,서울특별시 강남구,"서울특별시 강남구 선릉로64길 15-13, 서울강남구   1동 -6층"
변경,202003,8301170,롯데슈퍼강남역가맹점,서울특별시 강남구,"서울특별시 강남구 강남대로84길 23, 1층  110호  한라클래식오피스텔"
변경,202003,11007080,(주)올카인드코퍼레이션,서울특별시 강남구,"서울특별시 강남구 학동로56길 50, 지하1층"
변경,202003,11424013,(주)아스클레피오스,서울특별시 강남구,"서울특별시 강남구 압구정로30길 60, 지하1층"
변경,202003,11427613,(주)탈잉,서울특별시 강남구,서울특별시 강남구 테헤란로5길 51-18
변경,202003,1510491,(주)바이블랙,서울특별시 강남구,"서울특별시 강남구 도산대로54길 30, 지하2층"
변경,202003,1684217,(주)지엔지니어링,서울특별시 강남구,"서울특별시 강남구 밤고개로14길 16, 지하1층"
변경,202003,1849351,(사)도시및지역계획연구원,서울특별시 강남구,서울특별시 강남구 테헤란로7길 22
변경,202003,2050010,이창교역,서울특별시 강남구,"서울특별시 강남구 영동대로 511, 무역센터트레이드타워  159동 -1 무역센터 C-56호"
변경,202003,9048152,(주)갤럭시아에스엠,서울특별시 강남구,"서울특별시 강남구 학동로 311, 7층  미성빌딩"
변경,202003,9284381,알에셋마스터리스(주),서울특별시 강남구,"서울특별시 강남구 테헤란로70길 16, 4층"
변경,202003,9374137,(주)에스피알씨,서울특별시 강남구,"서울특별시 강남구 논현로 635, 1층  우림빌딩"
변경,202003,9972315,(주)프린팅솔루션즈,서울특별시 강남구,"서울특별시 강남구 강남대로124길 20, 지하1층"
변경,202003,10708617,에이치에스케이이벤트(주),서울특별시 강남구,"서울특별시 강남구 언주로147길 9-11, 지하1층"
변경,202003,10716639,(주)오스카엔터테인먼트,서울특별시 강남구,"서울특별시 강남구 선릉로 747, 지하2층"
변경,202003,14559187,(주)프라임스톤컨설팅,서울특별시 강남구,"서울특별시 강남구 논현로168길 36, 2층  207호"
변경,202003,650167,경신인터내셔널(주),서울특별시 강남구,서울특별시 강남구 선릉로 431
변경,202003,831077,텐텐호텔,서울특별시 강남구,서울특별시 강남구 테헤란로38길 8
변경,202003,1078638,탑투어,서울특별시 강남구,"서울특별시 강남구 테헤란로 313, 614호"
변경,202003,1600535,(주)에이알건축사사무소,서울특별시 강남구,"서울특별시 강남구 언주로148길 14, 3동 동2층"
변경,202003,1629183,(주)와이지디자인,서울특별시 강남구,"서울특별시 강남구 선릉로90길 40, 지하1층  신성위너스빌딩"
변경,202003,1629534,(주)마뱅코리아,서울특별시 강남구,"서울특별시 강남구 압구정로10길 13, 지하1층"
변경,202003,1725590,(주)팀더베이직,서울특별시 강남구,"서울특별시 강남구 압구정로46길 5-2, 지하2층"
변경,202003,9470987,쏭띠뷰띠,서울특별시 강남구,"서울특별시 강남구 남부순환로 2927, 지1층  103호  대치 클래시아"
변경,202003,9572857,엠에스골프,서울특별시 강남구,"서울특별시 강남구 언주로 563, 2층  일진스포월드"
변경,202003,10516637,싸이멕코리아(주),서울특별시 강남구,"서울특별시 강남구 테헤란로 534, 20층  비알  7호"
변경,202003,11092611,스킨힐사이언스,서울특별시 강남구,"서울특별시 강남구 논현로150길 15, 402호  동성빌딩"
변경,202003,11495057,(주)베스트마린,서울특별시 강남구,서울특별시 강남구 봉은사로50길 43
변경,202003,11695517,(주)더프로모션컴퍼니,서울특별시 강남구,"서울특별시 강남구 도곡로63길 31, 지하층 층"
변경,202003,13982276,(주)트라이앵글와이드,서울특별시 강남구,"서울특별시 강남구 삼성로 540, 지하1층"
변경,202003,853829,GS25S신사역점,서울특별시 강남구,"서울특별시 강남구 도산대로 102, 지하철3호 선지하상가  327동 -03"
변경,202003,1667907,(주)정진벨라듀,서울특별시 강남구,"서울특별시 강남구 논현로34길 26, 지층   2호"
변경,202003,1874778,마이스파트너스(주),서울특별시 강남구,"서울특별시 강남구 테헤란로38길 6, 지하1층"
변경,202003,2019622,(주)옥토버픽쳐스코리아,서울특별시 강남구,"서울특별시 강남구 언주로134길 31, 지하1층"
변경,202003,8765220,한스클럽하우스,서울특별시 강남구,"서울특별시 강남구 언주로 626, 102호  논현로얄팰리스"
변경,202003,9380319,대디롱레그스,서울특별시 강남구,"서울특별시 강남구 학동로30길 39, 2층  201호"
변경,202003,10718510,(주)한류문화관광산업,서울특별시 강남구,"서울특별시 강남구 테헤란로25길 15-3, 지하2층"
변경,202003,11417609,(주)포지티브코리아,서울특별시 강남구,"서울특별시 강남구 압구정로46길 75, 지하1층"
변경,202003,13799347,버텍스,서울특별시 강남구,"서울특별시 강남구 강남대로124길 74, 1층  101호"
변경,202003,14530501,더삶디자인,서울특별시 강남구,"서울특별시 강남구 남부순환로 2814, 지하층   307호  서울여성창업프라자"
변경,202003,1034380,(주)시니어앤파트너즈,서울특별시 강남구,서울특별시 강남구 영동대로 511
변경,202003,1443767,(주)네임엔코,서울특별시 강남구,"서울특별시 강남구 논현로102길 19, 지하1층"
변경,202003,1554883,(주)쇼스트리트,서울특별시 강남구,"서울특별시 강남구 언주로135길 25, 지층  옐로우프로덕션"
변경,202003,1606337,(주)에코빌이앤지건축사사무소,서울특별시 강남구,"서울특별시 강남구 개포로 508, 지하1층  507호"
변경,202003,1682175,(주)지세븐원,서울특별시 강남구,"서울특별시 강남구 선릉로100길 30, 지하1층"
변경,202003,1728249,(주)팬텀플러스,서울특별시 강남구,"서울특별시 강남구 봉은사로21길 6, 지하1층"
변경,202003,2020315,올리브메니지먼트(주),서울특별시 강남구,"서울특별시 강남구 선릉로152길 37, 지하1층"
변경,202003,7319652,(주)맵스엔터테인먼트,서울특별시 강남구,"서울특별시 강남구 압구정로79길 60, 지하2층"
변경,202003,8065508,티앤에이세무회계사무소,서울특별시 강남구,"서울특별시 강남구 삼성로 508, 엘지트윈텔2차아파트 501호 호 506호"
변경,202003,9526835,제일양,서울특별시 강남구,"서울특별시 강남구 테헤란로53길 16, 1층  예안빌딩"
